order;total;year;file;name;value
1;Total;2006;data/FBI//06/excels/table2.xls;incidents;7722
1;Total;2006;data/FBI//06/excels/table2.xls;offenses;9080
1;Total;2006;data/FBI//06/excels/table2.xls;victims;9652
1;Total;2006;data/FBI//06/excels/table2.xls;known_offenders;7330
1;Crimes against persons:;2006;data/FBI//06/excels/table2.xls;incidents;4378
1;Crimes against persons:;2006;data/FBI//06/excels/table2.xls;offenses;5449
1;Crimes against persons:;2006;data/FBI//06/excels/table2.xls;victims;5449
1;Crimes against persons:;2006;data/FBI//06/excels/table2.xls;known_offenders;5770
1;Murder and nonnegligent manslaughter;2006;data/FBI//06/excels/table2.xls;incidents;3
1;Murder and nonnegligent manslaughter;2006;data/FBI//06/excels/table2.xls;offenses;3
1;Murder and nonnegligent manslaughter;2006;data/FBI//06/excels/table2.xls;victims;3
1;Murder and nonnegligent manslaughter;2006;data/FBI//06/excels/table2.xls;known_offenders;4
1;Forcible rape;2006;data/FBI//06/excels/table2.xls;incidents;6
1;Forcible rape;2006;data/FBI//06/excels/table2.xls;offenses;6
1;Forcible rape;2006;data/FBI//06/excels/table2.xls;victims;6
1;Forcible rape;2006;data/FBI//06/excels/table2.xls;known_offenders;8
1;Aggravated assault;2006;data/FBI//06/excels/table2.xls;incidents;860
1;Aggravated assault;2006;data/FBI//06/excels/table2.xls;offenses;1178
1;Aggravated assault;2006;data/FBI//06/excels/table2.xls;victims;1178
1;Aggravated assault;2006;data/FBI//06/excels/table2.xls;known_offenders;1606
1;Simple assault;2006;data/FBI//06/excels/table2.xls;incidents;1447
1;Simple assault;2006;data/FBI//06/excels/table2.xls;offenses;1737
1;Simple assault;2006;data/FBI//06/excels/table2.xls;victims;1737
1;Simple assault;2006;data/FBI//06/excels/table2.xls;known_offenders;2116
1;Intimidation;2006;data/FBI//06/excels/table2.xls;incidents;2046
1;Intimidation;2006;data/FBI//06/excels/table2.xls;offenses;2508
1;Intimidation;2006;data/FBI//06/excels/table2.xls;victims;2508
1;Intimidation;2006;data/FBI//06/excels/table2.xls;known_offenders;2018
1;Other4;2006;data/FBI//06/excels/table2.xls;incidents;16
1;Other4;2006;data/FBI//06/excels/table2.xls;offenses;17
1;Other4;2006;data/FBI//06/excels/table2.xls;victims;17
1;Other4;2006;data/FBI//06/excels/table2.xls;known_offenders;18
1;Crimes against property:;2006;data/FBI//06/excels/table2.xls;incidents;3593
1;Crimes against property:;2006;data/FBI//06/excels/table2.xls;offenses;3593
1;Crimes against property:;2006;data/FBI//06/excels/table2.xls;victims;4165
1;Crimes against property:;2006;data/FBI//06/excels/table2.xls;known_offenders;1912
1;Robbery;2006;data/FBI//06/excels/table2.xls;incidents;142
1;Robbery;2006;data/FBI//06/excels/table2.xls;offenses;142
1;Robbery;2006;data/FBI//06/excels/table2.xls;victims;200
1;Robbery;2006;data/FBI//06/excels/table2.xls;known_offenders;311
1;Burglary;2006;data/FBI//06/excels/table2.xls;incidents;155
1;Burglary;2006;data/FBI//06/excels/table2.xls;offenses;155
1;Burglary;2006;data/FBI//06/excels/table2.xls;victims;177
1;Burglary;2006;data/FBI//06/excels/table2.xls;known_offenders;112
1;Larceny-theft;2006;data/FBI//06/excels/table2.xls;incidents;261
1;Larceny-theft;2006;data/FBI//06/excels/table2.xls;offenses;261
1;Larceny-theft;2006;data/FBI//06/excels/table2.xls;victims;283
1;Larceny-theft;2006;data/FBI//06/excels/table2.xls;known_offenders;182
1;Motor vehicle theft;2006;data/FBI//06/excels/table2.xls;incidents;25
1;Motor vehicle theft;2006;data/FBI//06/excels/table2.xls;offenses;25
1;Motor vehicle theft;2006;data/FBI//06/excels/table2.xls;victims;44
1;Motor vehicle theft;2006;data/FBI//06/excels/table2.xls;known_offenders;17
1;Arson;2006;data/FBI//06/excels/table2.xls;incidents;41
1;Arson;2006;data/FBI//06/excels/table2.xls;offenses;41
1;Arson;2006;data/FBI//06/excels/table2.xls;victims;51
1;Arson;2006;data/FBI//06/excels/table2.xls;known_offenders;30
1;Destruction/damage/vandalism;2006;data/FBI//06/excels/table2.xls;incidents;2911
1;Destruction/damage/vandalism;2006;data/FBI//06/excels/table2.xls;offenses;2911
1;Destruction/damage/vandalism;2006;data/FBI//06/excels/table2.xls;victims;3348
1;Destruction/damage/vandalism;2006;data/FBI//06/excels/table2.xls;known_offenders;1212
1;Other4;2006;data/FBI//06/excels/table2.xls;incidents;58
1;Other4;2006;data/FBI//06/excels/table2.xls;offenses;58
1;Other4;2006;data/FBI//06/excels/table2.xls;victims;62
1;Other4;2006;data/FBI//06/excels/table2.xls;known_offenders;48
1;Crimes against society4;2006;data/FBI//06/excels/table2.xls;incidents;38
1;Crimes against society4;2006;data/FBI//06/excels/table2.xls;offenses;38
1;Crimes against society4;2006;data/FBI//06/excels/table2.xls;victims;38
1;Crimes against society4;2006;data/FBI//06/excels/table2.xls;known_offenders;58
2;Total;2007;data/FBI//07/hatecrimetables/table2.xls;incidents;7624
2;Total;2007;data/FBI//07/hatecrimetables/table2.xls;offenses;9006
2;Total;2007;data/FBI//07/hatecrimetables/table2.xls;victims;9535
2;Total;2007;data/FBI//07/hatecrimetables/table2.xls;known_offenders;6965
2;Crimes against persons:;2007;data/FBI//07/hatecrimetables/table2.xls;incidents;4347
2;Crimes against persons:;2007;data/FBI//07/hatecrimetables/table2.xls;offenses;5408
2;Crimes against persons:;2007;data/FBI//07/hatecrimetables/table2.xls;victims;5408
2;Crimes against persons:;2007;data/FBI//07/hatecrimetables/table2.xls;known_offenders;5542
2;Murder and nonnegligent manslaughter;2007;data/FBI//07/hatecrimetables/table2.xls;incidents;9
2;Murder and nonnegligent manslaughter;2007;data/FBI//07/hatecrimetables/table2.xls;offenses;9
2;Murder and nonnegligent manslaughter;2007;data/FBI//07/hatecrimetables/table2.xls;victims;9
2;Murder and nonnegligent manslaughter;2007;data/FBI//07/hatecrimetables/table2.xls;known_offenders;14
2;Forcible rape;2007;data/FBI//07/hatecrimetables/table2.xls;incidents;2
2;Forcible rape;2007;data/FBI//07/hatecrimetables/table2.xls;offenses;2
2;Forcible rape;2007;data/FBI//07/hatecrimetables/table2.xls;victims;2
2;Forcible rape;2007;data/FBI//07/hatecrimetables/table2.xls;known_offenders;4
2;Aggravated assault;2007;data/FBI//07/hatecrimetables/table2.xls;incidents;853
2;Aggravated assault;2007;data/FBI//07/hatecrimetables/table2.xls;offenses;1116
2;Aggravated assault;2007;data/FBI//07/hatecrimetables/table2.xls;victims;1116
2;Aggravated assault;2007;data/FBI//07/hatecrimetables/table2.xls;known_offenders;1409
2;Simple assault;2007;data/FBI//07/hatecrimetables/table2.xls;incidents;1410
2;Simple assault;2007;data/FBI//07/hatecrimetables/table2.xls;offenses;1684
2;Simple assault;2007;data/FBI//07/hatecrimetables/table2.xls;victims;1684
2;Simple assault;2007;data/FBI//07/hatecrimetables/table2.xls;known_offenders;2052
2;Intimidation;2007;data/FBI//07/hatecrimetables/table2.xls;incidents;2045
2;Intimidation;2007;data/FBI//07/hatecrimetables/table2.xls;offenses;2565
2;Intimidation;2007;data/FBI//07/hatecrimetables/table2.xls;victims;2565
2;Intimidation;2007;data/FBI//07/hatecrimetables/table2.xls;known_offenders;2026
2;Other4;2007;data/FBI//07/hatecrimetables/table2.xls;incidents;28
2;Other4;2007;data/FBI//07/hatecrimetables/table2.xls;offenses;32
2;Other4;2007;data/FBI//07/hatecrimetables/table2.xls;victims;32
2;Other4;2007;data/FBI//07/hatecrimetables/table2.xls;known_offenders;37
2;Crimes against property:;2007;data/FBI//07/hatecrimetables/table2.xls;incidents;3579
2;Crimes against property:;2007;data/FBI//07/hatecrimetables/table2.xls;offenses;3579
2;Crimes against property:;2007;data/FBI//07/hatecrimetables/table2.xls;victims;4108
2;Crimes against property:;2007;data/FBI//07/hatecrimetables/table2.xls;known_offenders;1826
2;Robbery;2007;data/FBI//07/hatecrimetables/table2.xls;incidents;178
2;Robbery;2007;data/FBI//07/hatecrimetables/table2.xls;offenses;178
2;Robbery;2007;data/FBI//07/hatecrimetables/table2.xls;victims;236
2;Robbery;2007;data/FBI//07/hatecrimetables/table2.xls;known_offenders;392
2;Burglary;2007;data/FBI//07/hatecrimetables/table2.xls;incidents;159
2;Burglary;2007;data/FBI//07/hatecrimetables/table2.xls;offenses;159
2;Burglary;2007;data/FBI//07/hatecrimetables/table2.xls;victims;193
2;Burglary;2007;data/FBI//07/hatecrimetables/table2.xls;known_offenders;130
2;Larceny-theft;2007;data/FBI//07/hatecrimetables/table2.xls;incidents;221
2;Larceny-theft;2007;data/FBI//07/hatecrimetables/table2.xls;offenses;221
2;Larceny-theft;2007;data/FBI//07/hatecrimetables/table2.xls;victims;230
2;Larceny-theft;2007;data/FBI//07/hatecrimetables/table2.xls;known_offenders;126
2;Motor vehicle theft;2007;data/FBI//07/hatecrimetables/table2.xls;incidents;22
2;Motor vehicle theft;2007;data/FBI//07/hatecrimetables/table2.xls;offenses;22
2;Motor vehicle theft;2007;data/FBI//07/hatecrimetables/table2.xls;victims;27
2;Motor vehicle theft;2007;data/FBI//07/hatecrimetables/table2.xls;known_offenders;4
2;Arson;2007;data/FBI//07/hatecrimetables/table2.xls;incidents;40
2;Arson;2007;data/FBI//07/hatecrimetables/table2.xls;offenses;40
2;Arson;2007;data/FBI//07/hatecrimetables/table2.xls;victims;47
2;Arson;2007;data/FBI//07/hatecrimetables/table2.xls;known_offenders;33
2;Destruction/damage/vandalism;2007;data/FBI//07/hatecrimetables/table2.xls;incidents;2915
2;Destruction/damage/vandalism;2007;data/FBI//07/hatecrimetables/table2.xls;offenses;2915
2;Destruction/damage/vandalism;2007;data/FBI//07/hatecrimetables/table2.xls;victims;3328
2;Destruction/damage/vandalism;2007;data/FBI//07/hatecrimetables/table2.xls;known_offenders;1108
2;Other4;2007;data/FBI//07/hatecrimetables/table2.xls;incidents;44
2;Other4;2007;data/FBI//07/hatecrimetables/table2.xls;offenses;44
2;Other4;2007;data/FBI//07/hatecrimetables/table2.xls;victims;47
2;Other4;2007;data/FBI//07/hatecrimetables/table2.xls;known_offenders;33
2;Crimes against society4;2007;data/FBI//07/hatecrimetables/table2.xls;incidents;19
2;Crimes against society4;2007;data/FBI//07/hatecrimetables/table2.xls;offenses;19
2;Crimes against society4;2007;data/FBI//07/hatecrimetables/table2.xls;victims;19
2;Crimes against society4;2007;data/FBI//07/hatecrimetables/table2.xls;known_offenders;25
3;Total;2008;data/FBI//08/hcs08tables/table2.xls;incidents;7783
3;Total;2008;data/FBI//08/hcs08tables/table2.xls;offenses;9168
3;Total;2008;data/FBI//08/hcs08tables/table2.xls;victims;9691
3;Total;2008;data/FBI//08/hcs08tables/table2.xls;known_offenders;6927
3;Crimes against persons:;2008;data/FBI//08/hcs08tables/table2.xls;incidents;4490
3;Crimes against persons:;2008;data/FBI//08/hcs08tables/table2.xls;offenses;5542
3;Crimes against persons:;2008;data/FBI//08/hcs08tables/table2.xls;victims;5542
3;Crimes against persons:;2008;data/FBI//08/hcs08tables/table2.xls;known_offenders;5613
3;Murder and nonnegligent manslaughter;2008;data/FBI//08/hcs08tables/table2.xls;incidents;7
3;Murder and nonnegligent manslaughter;2008;data/FBI//08/hcs08tables/table2.xls;offenses;7
3;Murder and nonnegligent manslaughter;2008;data/FBI//08/hcs08tables/table2.xls;victims;7
3;Murder and nonnegligent manslaughter;2008;data/FBI//08/hcs08tables/table2.xls;known_offenders;8
3;Forcible rape;2008;data/FBI//08/hcs08tables/table2.xls;incidents;11
3;Forcible rape;2008;data/FBI//08/hcs08tables/table2.xls;offenses;11
3;Forcible rape;2008;data/FBI//08/hcs08tables/table2.xls;victims;11
3;Forcible rape;2008;data/FBI//08/hcs08tables/table2.xls;known_offenders;20
3;Aggravated assault;2008;data/FBI//08/hcs08tables/table2.xls;incidents;774
3;Aggravated assault;2008;data/FBI//08/hcs08tables/table2.xls;offenses;1025
3;Aggravated assault;2008;data/FBI//08/hcs08tables/table2.xls;victims;1025
3;Aggravated assault;2008;data/FBI//08/hcs08tables/table2.xls;known_offenders;1405
3;Simple assault;2008;data/FBI//08/hcs08tables/table2.xls;incidents;1503
3;Simple assault;2008;data/FBI//08/hcs08tables/table2.xls;offenses;1778
3;Simple assault;2008;data/FBI//08/hcs08tables/table2.xls;victims;1778
3;Simple assault;2008;data/FBI//08/hcs08tables/table2.xls;known_offenders;2062
3;Intimidation;2008;data/FBI//08/hcs08tables/table2.xls;incidents;2178
3;Intimidation;2008;data/FBI//08/hcs08tables/table2.xls;offenses;2704
3;Intimidation;2008;data/FBI//08/hcs08tables/table2.xls;victims;2704
3;Intimidation;2008;data/FBI//08/hcs08tables/table2.xls;known_offenders;2093
3;Other4;2008;data/FBI//08/hcs08tables/table2.xls;incidents;17
3;Other4;2008;data/FBI//08/hcs08tables/table2.xls;offenses;17
3;Other4;2008;data/FBI//08/hcs08tables/table2.xls;victims;17
3;Other4;2008;data/FBI//08/hcs08tables/table2.xls;known_offenders;25
3;Crimes against property:;2008;data/FBI//08/hcs08tables/table2.xls;incidents;3608
3;Crimes against property:;2008;data/FBI//08/hcs08tables/table2.xls;offenses;3608
3;Crimes against property:;2008;data/FBI//08/hcs08tables/table2.xls;victims;4131
3;Crimes against property:;2008;data/FBI//08/hcs08tables/table2.xls;known_offenders;1758
3;Robbery;2008;data/FBI//08/hcs08tables/table2.xls;incidents;145
3;Robbery;2008;data/FBI//08/hcs08tables/table2.xls;offenses;145
3;Robbery;2008;data/FBI//08/hcs08tables/table2.xls;victims;180
3;Robbery;2008;data/FBI//08/hcs08tables/table2.xls;known_offenders;317
3;Burglary;2008;data/FBI//08/hcs08tables/table2.xls;incidents;158
3;Burglary;2008;data/FBI//08/hcs08tables/table2.xls;offenses;158
3;Burglary;2008;data/FBI//08/hcs08tables/table2.xls;victims;186
3;Burglary;2008;data/FBI//08/hcs08tables/table2.xls;known_offenders;107
3;Larceny-theft;2008;data/FBI//08/hcs08tables/table2.xls;incidents;224
3;Larceny-theft;2008;data/FBI//08/hcs08tables/table2.xls;offenses;224
3;Larceny-theft;2008;data/FBI//08/hcs08tables/table2.xls;victims;242
3;Larceny-theft;2008;data/FBI//08/hcs08tables/table2.xls;known_offenders;144
3;Motor vehicle theft;2008;data/FBI//08/hcs08tables/table2.xls;incidents;26
3;Motor vehicle theft;2008;data/FBI//08/hcs08tables/table2.xls;offenses;26
3;Motor vehicle theft;2008;data/FBI//08/hcs08tables/table2.xls;victims;26
3;Motor vehicle theft;2008;data/FBI//08/hcs08tables/table2.xls;known_offenders;16
3;Arson;2008;data/FBI//08/hcs08tables/table2.xls;incidents;53
3;Arson;2008;data/FBI//08/hcs08tables/table2.xls;offenses;53
3;Arson;2008;data/FBI//08/hcs08tables/table2.xls;victims;81
3;Arson;2008;data/FBI//08/hcs08tables/table2.xls;known_offenders;42
3;Destruction/damage/vandalism;2008;data/FBI//08/hcs08tables/table2.xls;incidents;2970
3;Destruction/damage/vandalism;2008;data/FBI//08/hcs08tables/table2.xls;offenses;2970
3;Destruction/damage/vandalism;2008;data/FBI//08/hcs08tables/table2.xls;victims;3382
3;Destruction/damage/vandalism;2008;data/FBI//08/hcs08tables/table2.xls;known_offenders;1098
3;Other4;2008;data/FBI//08/hcs08tables/table2.xls;incidents;32
3;Other4;2008;data/FBI//08/hcs08tables/table2.xls;offenses;32
3;Other4;2008;data/FBI//08/hcs08tables/table2.xls;victims;34
3;Other4;2008;data/FBI//08/hcs08tables/table2.xls;known_offenders;34
3;Crimes against society4;2008;data/FBI//08/hcs08tables/table2.xls;incidents;18
3;Crimes against society4;2008;data/FBI//08/hcs08tables/table2.xls;offenses;18
3;Crimes against society4;2008;data/FBI//08/hcs08tables/table2.xls;victims;18
3;Crimes against society4;2008;data/FBI//08/hcs08tables/table2.xls;known_offenders;27
4;Total;2009;data/FBI//09/Table 2.xls;incidents;6604
4;Total;2009;data/FBI//09/Table 2.xls;offenses;7789
4;Total;2009;data/FBI//09/Table 2.xls;victims;8336
4;Total;2009;data/FBI//09/Table 2.xls;known_offenders;6225
4;Crimes against persons:;2009;data/FBI//09/Table 2.xls;incidents;3875
4;Crimes against persons:;2009;data/FBI//09/Table 2.xls;offenses;4793
4;Crimes against persons:;2009;data/FBI//09/Table 2.xls;victims;4793
4;Crimes against persons:;2009;data/FBI//09/Table 2.xls;known_offenders;5136
4;Murder and nonnegligent manslaughter;2009;data/FBI//09/Table 2.xls;incidents;8
4;Murder and nonnegligent manslaughter;2009;data/FBI//09/Table 2.xls;offenses;8
4;Murder and nonnegligent manslaughter;2009;data/FBI//09/Table 2.xls;victims;8
4;Murder and nonnegligent manslaughter;2009;data/FBI//09/Table 2.xls;known_offenders;47
4;Forcible rape;2009;data/FBI//09/Table 2.xls;incidents;9
4;Forcible rape;2009;data/FBI//09/Table 2.xls;offenses;9
4;Forcible rape;2009;data/FBI//09/Table 2.xls;victims;9
4;Forcible rape;2009;data/FBI//09/Table 2.xls;known_offenders;16
4;Aggravated assault;2009;data/FBI//09/Table 2.xls;incidents;699
4;Aggravated assault;2009;data/FBI//09/Table 2.xls;offenses;914
4;Aggravated assault;2009;data/FBI//09/Table 2.xls;victims;914
4;Aggravated assault;2009;data/FBI//09/Table 2.xls;known_offenders;1208
4;Simple assault;2009;data/FBI//09/Table 2.xls;incidents;1446
4;Simple assault;2009;data/FBI//09/Table 2.xls;offenses;1691
4;Simple assault;2009;data/FBI//09/Table 2.xls;victims;1691
4;Simple assault;2009;data/FBI//09/Table 2.xls;known_offenders;2072
4;Intimidation;2009;data/FBI//09/Table 2.xls;incidents;1700
4;Intimidation;2009;data/FBI//09/Table 2.xls;offenses;2158
4;Intimidation;2009;data/FBI//09/Table 2.xls;victims;2158
4;Intimidation;2009;data/FBI//09/Table 2.xls;known_offenders;1778
4;Other4;2009;data/FBI//09/Table 2.xls;incidents;13
4;Other4;2009;data/FBI//09/Table 2.xls;offenses;13
4;Other4;2009;data/FBI//09/Table 2.xls;victims;13
4;Other4;2009;data/FBI//09/Table 2.xls;known_offenders;15
4;Crimes against property:;2009;data/FBI//09/Table 2.xls;incidents;2970
4;Crimes against property:;2009;data/FBI//09/Table 2.xls;offenses;2970
4;Crimes against property:;2009;data/FBI//09/Table 2.xls;victims;3517
4;Crimes against property:;2009;data/FBI//09/Table 2.xls;known_offenders;1453
4;Robbery;2009;data/FBI//09/Table 2.xls;incidents;124
4;Robbery;2009;data/FBI//09/Table 2.xls;offenses;124
4;Robbery;2009;data/FBI//09/Table 2.xls;victims;142
4;Robbery;2009;data/FBI//09/Table 2.xls;known_offenders;293
4;Burglary;2009;data/FBI//09/Table 2.xls;incidents;137
4;Burglary;2009;data/FBI//09/Table 2.xls;offenses;137
4;Burglary;2009;data/FBI//09/Table 2.xls;victims;157
4;Burglary;2009;data/FBI//09/Table 2.xls;known_offenders;78
4;Larceny-theft;2009;data/FBI//09/Table 2.xls;incidents;163
4;Larceny-theft;2009;data/FBI//09/Table 2.xls;offenses;163
4;Larceny-theft;2009;data/FBI//09/Table 2.xls;victims;174
4;Larceny-theft;2009;data/FBI//09/Table 2.xls;known_offenders;126
4;Motor vehicle theft;2009;data/FBI//09/Table 2.xls;incidents;11
4;Motor vehicle theft;2009;data/FBI//09/Table 2.xls;offenses;11
4;Motor vehicle theft;2009;data/FBI//09/Table 2.xls;victims;11
4;Motor vehicle theft;2009;data/FBI//09/Table 2.xls;known_offenders;7
4;Arson;2009;data/FBI//09/Table 2.xls;incidents;41
4;Arson;2009;data/FBI//09/Table 2.xls;offenses;41
4;Arson;2009;data/FBI//09/Table 2.xls;victims;61
4;Arson;2009;data/FBI//09/Table 2.xls;known_offenders;22
4;Destruction/damage/vandalism;2009;data/FBI//09/Table 2.xls;incidents;2465
4;Destruction/damage/vandalism;2009;data/FBI//09/Table 2.xls;offenses;2465
4;Destruction/damage/vandalism;2009;data/FBI//09/Table 2.xls;victims;2943
4;Destruction/damage/vandalism;2009;data/FBI//09/Table 2.xls;known_offenders;898
4;Other4;2009;data/FBI//09/Table 2.xls;incidents;29
4;Other4;2009;data/FBI//09/Table 2.xls;offenses;29
4;Other4;2009;data/FBI//09/Table 2.xls;victims;29
4;Other4;2009;data/FBI//09/Table 2.xls;known_offenders;29
4;Crimes against society4;2009;data/FBI//09/Table 2.xls;incidents;26
4;Crimes against society4;2009;data/FBI//09/Table 2.xls;offenses;26
4;Crimes against society4;2009;data/FBI//09/Table 2.xls;victims;26
4;Crimes against society4;2009;data/FBI//09/Table 2.xls;known_offenders;34
5;Total;2010;data/FBI//2010/Hate Crime Statistics 2010/Table 2-Incidents Offenses Victims and Known Offenders-by Offense Type 2010.xls;incidents;6628
5;Total;2010;data/FBI//2010/Hate Crime Statistics 2010/Table 2-Incidents Offenses Victims and Known Offenders-by Offense Type 2010.xls;offenses;7699
5;Total;2010;data/FBI//2010/Hate Crime Statistics 2010/Table 2-Incidents Offenses Victims and Known Offenders-by Offense Type 2010.xls;victims;8208
5;Total;2010;data/FBI//2010/Hate Crime Statistics 2010/Table 2-Incidents Offenses Victims and Known Offenders-by Offense Type 2010.xls;known_offenders;6008
5;Crimes against persons:;2010;data/FBI//2010/Hate Crime Statistics 2010/Table 2-Incidents Offenses Victims and Known Offenders-by Offense Type 2010.xls;incidents;3978
5;Crimes against persons:;2010;data/FBI//2010/Hate Crime Statistics 2010/Table 2-Incidents Offenses Victims and Known Offenders-by Offense Type 2010.xls;offenses;4824
5;Crimes against persons:;2010;data/FBI//2010/Hate Crime Statistics 2010/Table 2-Incidents Offenses Victims and Known Offenders-by Offense Type 2010.xls;victims;4824
5;Crimes against persons:;2010;data/FBI//2010/Hate Crime Statistics 2010/Table 2-Incidents Offenses Victims and Known Offenders-by Offense Type 2010.xls;known_offenders;4873
5;Murder and nonnegligent manslaughter;2010;data/FBI//2010/Hate Crime Statistics 2010/Table 2-Incidents Offenses Victims and Known Offenders-by Offense Type 2010.xls;incidents;6
5;Murder and nonnegligent manslaughter;2010;data/FBI//2010/Hate Crime Statistics 2010/Table 2-Incidents Offenses Victims and Known Offenders-by Offense Type 2010.xls;offenses;7
5;Murder and nonnegligent manslaughter;2010;data/FBI//2010/Hate Crime Statistics 2010/Table 2-Incidents Offenses Victims and Known Offenders-by Offense Type 2010.xls;victims;7
5;Murder and nonnegligent manslaughter;2010;data/FBI//2010/Hate Crime Statistics 2010/Table 2-Incidents Offenses Victims and Known Offenders-by Offense Type 2010.xls;known_offenders;9
5;Forcible rape;2010;data/FBI//2010/Hate Crime Statistics 2010/Table 2-Incidents Offenses Victims and Known Offenders-by Offense Type 2010.xls;incidents;4
5;Forcible rape;2010;data/FBI//2010/Hate Crime Statistics 2010/Table 2-Incidents Offenses Victims and Known Offenders-by Offense Type 2010.xls;offenses;4
5;Forcible rape;2010;data/FBI//2010/Hate Crime Statistics 2010/Table 2-Incidents Offenses Victims and Known Offenders-by Offense Type 2010.xls;victims;4
5;Forcible rape;2010;data/FBI//2010/Hate Crime Statistics 2010/Table 2-Incidents Offenses Victims and Known Offenders-by Offense Type 2010.xls;known_offenders;7
5;Aggravated assault;2010;data/FBI//2010/Hate Crime Statistics 2010/Table 2-Incidents Offenses Victims and Known Offenders-by Offense Type 2010.xls;incidents;695
5;Aggravated assault;2010;data/FBI//2010/Hate Crime Statistics 2010/Table 2-Incidents Offenses Victims and Known Offenders-by Offense Type 2010.xls;offenses;888
5;Aggravated assault;2010;data/FBI//2010/Hate Crime Statistics 2010/Table 2-Incidents Offenses Victims and Known Offenders-by Offense Type 2010.xls;victims;888
5;Aggravated assault;2010;data/FBI//2010/Hate Crime Statistics 2010/Table 2-Incidents Offenses Victims and Known Offenders-by Offense Type 2010.xls;known_offenders;1144
5;Simple assault;2010;data/FBI//2010/Hate Crime Statistics 2010/Table 2-Incidents Offenses Victims and Known Offenders-by Offense Type 2010.xls;incidents;1472
5;Simple assault;2010;data/FBI//2010/Hate Crime Statistics 2010/Table 2-Incidents Offenses Victims and Known Offenders-by Offense Type 2010.xls;offenses;1681
5;Simple assault;2010;data/FBI//2010/Hate Crime Statistics 2010/Table 2-Incidents Offenses Victims and Known Offenders-by Offense Type 2010.xls;victims;1681
5;Simple assault;2010;data/FBI//2010/Hate Crime Statistics 2010/Table 2-Incidents Offenses Victims and Known Offenders-by Offense Type 2010.xls;known_offenders;1972
5;Intimidation;2010;data/FBI//2010/Hate Crime Statistics 2010/Table 2-Incidents Offenses Victims and Known Offenders-by Offense Type 2010.xls;incidents;1790
5;Intimidation;2010;data/FBI//2010/Hate Crime Statistics 2010/Table 2-Incidents Offenses Victims and Known Offenders-by Offense Type 2010.xls;offenses;2231
5;Intimidation;2010;data/FBI//2010/Hate Crime Statistics 2010/Table 2-Incidents Offenses Victims and Known Offenders-by Offense Type 2010.xls;victims;2231
5;Intimidation;2010;data/FBI//2010/Hate Crime Statistics 2010/Table 2-Incidents Offenses Victims and Known Offenders-by Offense Type 2010.xls;known_offenders;1726
5;Other4;2010;data/FBI//2010/Hate Crime Statistics 2010/Table 2-Incidents Offenses Victims and Known Offenders-by Offense Type 2010.xls;incidents;11
5;Other4;2010;data/FBI//2010/Hate Crime Statistics 2010/Table 2-Incidents Offenses Victims and Known Offenders-by Offense Type 2010.xls;offenses;13
5;Other4;2010;data/FBI//2010/Hate Crime Statistics 2010/Table 2-Incidents Offenses Victims and Known Offenders-by Offense Type 2010.xls;victims;13
5;Other4;2010;data/FBI//2010/Hate Crime Statistics 2010/Table 2-Incidents Offenses Victims and Known Offenders-by Offense Type 2010.xls;known_offenders;15
5;Crimes against property:;2010;data/FBI//2010/Hate Crime Statistics 2010/Table 2-Incidents Offenses Victims and Known Offenders-by Offense Type 2010.xls;incidents;2861
5;Crimes against property:;2010;data/FBI//2010/Hate Crime Statistics 2010/Table 2-Incidents Offenses Victims and Known Offenders-by Offense Type 2010.xls;offenses;2861
5;Crimes against property:;2010;data/FBI//2010/Hate Crime Statistics 2010/Table 2-Incidents Offenses Victims and Known Offenders-by Offense Type 2010.xls;victims;3370
5;Crimes against property:;2010;data/FBI//2010/Hate Crime Statistics 2010/Table 2-Incidents Offenses Victims and Known Offenders-by Offense Type 2010.xls;known_offenders;1419
5;Robbery;2010;data/FBI//2010/Hate Crime Statistics 2010/Table 2-Incidents Offenses Victims and Known Offenders-by Offense Type 2010.xls;incidents;146
5;Robbery;2010;data/FBI//2010/Hate Crime Statistics 2010/Table 2-Incidents Offenses Victims and Known Offenders-by Offense Type 2010.xls;offenses;146
5;Robbery;2010;data/FBI//2010/Hate Crime Statistics 2010/Table 2-Incidents Offenses Victims and Known Offenders-by Offense Type 2010.xls;victims;168
5;Robbery;2010;data/FBI//2010/Hate Crime Statistics 2010/Table 2-Incidents Offenses Victims and Known Offenders-by Offense Type 2010.xls;known_offenders;290
5;Burglary;2010;data/FBI//2010/Hate Crime Statistics 2010/Table 2-Incidents Offenses Victims and Known Offenders-by Offense Type 2010.xls;incidents;125
5;Burglary;2010;data/FBI//2010/Hate Crime Statistics 2010/Table 2-Incidents Offenses Victims and Known Offenders-by Offense Type 2010.xls;offenses;125
5;Burglary;2010;data/FBI//2010/Hate Crime Statistics 2010/Table 2-Incidents Offenses Victims and Known Offenders-by Offense Type 2010.xls;victims;163
5;Burglary;2010;data/FBI//2010/Hate Crime Statistics 2010/Table 2-Incidents Offenses Victims and Known Offenders-by Offense Type 2010.xls;known_offenders;88
5;Larceny-theft;2010;data/FBI//2010/Hate Crime Statistics 2010/Table 2-Incidents Offenses Victims and Known Offenders-by Offense Type 2010.xls;incidents;175
5;Larceny-theft;2010;data/FBI//2010/Hate Crime Statistics 2010/Table 2-Incidents Offenses Victims and Known Offenders-by Offense Type 2010.xls;offenses;175
5;Larceny-theft;2010;data/FBI//2010/Hate Crime Statistics 2010/Table 2-Incidents Offenses Victims and Known Offenders-by Offense Type 2010.xls;victims;195
5;Larceny-theft;2010;data/FBI//2010/Hate Crime Statistics 2010/Table 2-Incidents Offenses Victims and Known Offenders-by Offense Type 2010.xls;known_offenders;141
5;Motor vehicle theft;2010;data/FBI//2010/Hate Crime Statistics 2010/Table 2-Incidents Offenses Victims and Known Offenders-by Offense Type 2010.xls;incidents;16
5;Motor vehicle theft;2010;data/FBI//2010/Hate Crime Statistics 2010/Table 2-Incidents Offenses Victims and Known Offenders-by Offense Type 2010.xls;offenses;16
5;Motor vehicle theft;2010;data/FBI//2010/Hate Crime Statistics 2010/Table 2-Incidents Offenses Victims and Known Offenders-by Offense Type 2010.xls;victims;16
5;Motor vehicle theft;2010;data/FBI//2010/Hate Crime Statistics 2010/Table 2-Incidents Offenses Victims and Known Offenders-by Offense Type 2010.xls;known_offenders;8
5;Arson;2010;data/FBI//2010/Hate Crime Statistics 2010/Table 2-Incidents Offenses Victims and Known Offenders-by Offense Type 2010.xls;incidents;43
5;Arson;2010;data/FBI//2010/Hate Crime Statistics 2010/Table 2-Incidents Offenses Victims and Known Offenders-by Offense Type 2010.xls;offenses;43
5;Arson;2010;data/FBI//2010/Hate Crime Statistics 2010/Table 2-Incidents Offenses Victims and Known Offenders-by Offense Type 2010.xls;victims;45
5;Arson;2010;data/FBI//2010/Hate Crime Statistics 2010/Table 2-Incidents Offenses Victims and Known Offenders-by Offense Type 2010.xls;known_offenders;30
5;Destruction/damage/vandalism;2010;data/FBI//2010/Hate Crime Statistics 2010/Table 2-Incidents Offenses Victims and Known Offenders-by Offense Type 2010.xls;incidents;2321
5;Destruction/damage/vandalism;2010;data/FBI//2010/Hate Crime Statistics 2010/Table 2-Incidents Offenses Victims and Known Offenders-by Offense Type 2010.xls;offenses;2321
5;Destruction/damage/vandalism;2010;data/FBI//2010/Hate Crime Statistics 2010/Table 2-Incidents Offenses Victims and Known Offenders-by Offense Type 2010.xls;victims;2747
5;Destruction/damage/vandalism;2010;data/FBI//2010/Hate Crime Statistics 2010/Table 2-Incidents Offenses Victims and Known Offenders-by Offense Type 2010.xls;known_offenders;831
5;Other4;2010;data/FBI//2010/Hate Crime Statistics 2010/Table 2-Incidents Offenses Victims and Known Offenders-by Offense Type 2010.xls;incidents;35
5;Other4;2010;data/FBI//2010/Hate Crime Statistics 2010/Table 2-Incidents Offenses Victims and Known Offenders-by Offense Type 2010.xls;offenses;35
5;Other4;2010;data/FBI//2010/Hate Crime Statistics 2010/Table 2-Incidents Offenses Victims and Known Offenders-by Offense Type 2010.xls;victims;36
5;Other4;2010;data/FBI//2010/Hate Crime Statistics 2010/Table 2-Incidents Offenses Victims and Known Offenders-by Offense Type 2010.xls;known_offenders;31
5;Crimes against society4;2010;data/FBI//2010/Hate Crime Statistics 2010/Table 2-Incidents Offenses Victims and Known Offenders-by Offense Type 2010.xls;incidents;14
5;Crimes against society4;2010;data/FBI//2010/Hate Crime Statistics 2010/Table 2-Incidents Offenses Victims and Known Offenders-by Offense Type 2010.xls;offenses;14
5;Crimes against society4;2010;data/FBI//2010/Hate Crime Statistics 2010/Table 2-Incidents Offenses Victims and Known Offenders-by Offense Type 2010.xls;victims;14
5;Crimes against society4;2010;data/FBI//2010/Hate Crime Statistics 2010/Table 2-Incidents Offenses Victims and Known Offenders-by Offense Type 2010.xls;known_offenders;18
1;Total;2006;data/FBI//06/excels/table2.xls;incidents;6222
1;Total;2006;data/FBI//06/excels/table2.xls;offenses;7254
1;Total;2006;data/FBI//06/excels/table2.xls;victims;7713
1;Total;2006;data/FBI//06/excels/table2.xls;known_offenders;5731
1;Crimes against persons:;2006;data/FBI//06/excels/table2.xls;incidents;3754
1;Crimes against persons:;2006;data/FBI//06/excels/table2.xls;offenses;4623
1;Crimes against persons:;2006;data/FBI//06/excels/table2.xls;victims;4623
1;Crimes against persons:;2006;data/FBI//06/excels/table2.xls;known_offenders;4631
1;Murder and nonnegligent manslaughter;2006;data/FBI//06/excels/table2.xls;incidents;4
1;Murder and nonnegligent manslaughter;2006;data/FBI//06/excels/table2.xls;offenses;4
1;Murder and nonnegligent manslaughter;2006;data/FBI//06/excels/table2.xls;victims;4
1;Murder and nonnegligent manslaughter;2006;data/FBI//06/excels/table2.xls;known_offenders;7
1;Forcible rape;2006;data/FBI//06/excels/table2.xls;incidents;7
1;Forcible rape;2006;data/FBI//06/excels/table2.xls;offenses;7
1;Forcible rape;2006;data/FBI//06/excels/table2.xls;victims;7
1;Forcible rape;2006;data/FBI//06/excels/table2.xls;known_offenders;10
1;Aggravated assault;2006;data/FBI//06/excels/table2.xls;incidents;677
1;Aggravated assault;2006;data/FBI//06/excels/table2.xls;offenses;895
1;Aggravated assault;2006;data/FBI//06/excels/table2.xls;victims;895
1;Aggravated assault;2006;data/FBI//06/excels/table2.xls;known_offenders;1095
1;Simple assault;2006;data/FBI//06/excels/table2.xls;incidents;1336
1;Simple assault;2006;data/FBI//06/excels/table2.xls;offenses;1595
1;Simple assault;2006;data/FBI//06/excels/table2.xls;victims;1595
1;Simple assault;2006;data/FBI//06/excels/table2.xls;known_offenders;1790
1;Intimidation;2006;data/FBI//06/excels/table2.xls;incidents;1720
1;Intimidation;2006;data/FBI//06/excels/table2.xls;offenses;2106
1;Intimidation;2006;data/FBI//06/excels/table2.xls;victims;2106
1;Intimidation;2006;data/FBI//06/excels/table2.xls;known_offenders;1711
1;Other4;2006;data/FBI//06/excels/table2.xls;incidents;10
1;Other4;2006;data/FBI//06/excels/table2.xls;offenses;16
1;Other4;2006;data/FBI//06/excels/table2.xls;victims;16
1;Other4;2006;data/FBI//06/excels/table2.xls;known_offenders;18
1;Crimes against property:;2006;data/FBI//06/excels/table2.xls;incidents;2611
1;Crimes against property:;2006;data/FBI//06/excels/table2.xls;offenses;2611
1;Crimes against property:;2006;data/FBI//06/excels/table2.xls;victims;3070
1;Crimes against property:;2006;data/FBI//06/excels/table2.xls;known_offenders;1256
1;Robbery;2006;data/FBI//06/excels/table2.xls;incidents;131
1;Robbery;2006;data/FBI//06/excels/table2.xls;offenses;131
1;Robbery;2006;data/FBI//06/excels/table2.xls;victims;157
1;Robbery;2006;data/FBI//06/excels/table2.xls;known_offenders;288
1;Burglary;2006;data/FBI//06/excels/table2.xls;incidents;124
1;Burglary;2006;data/FBI//06/excels/table2.xls;offenses;124
1;Burglary;2006;data/FBI//06/excels/table2.xls;victims;147
1;Burglary;2006;data/FBI//06/excels/table2.xls;known_offenders;72
1;Larceny-theft;2006;data/FBI//06/excels/table2.xls;incidents;152
1;Larceny-theft;2006;data/FBI//06/excels/table2.xls;offenses;152
1;Larceny-theft;2006;data/FBI//06/excels/table2.xls;victims;165
1;Larceny-theft;2006;data/FBI//06/excels/table2.xls;known_offenders;88
1;Motor vehicle theft;2006;data/FBI//06/excels/table2.xls;incidents;6
1;Motor vehicle theft;2006;data/FBI//06/excels/table2.xls;offenses;6
1;Motor vehicle theft;2006;data/FBI//06/excels/table2.xls;victims;6
1;Motor vehicle theft;2006;data/FBI//06/excels/table2.xls;known_offenders;1
1;Arson;2006;data/FBI//06/excels/table2.xls;incidents;42
1;Arson;2006;data/FBI//06/excels/table2.xls;offenses;42
1;Arson;2006;data/FBI//06/excels/table2.xls;victims;52
1;Arson;2006;data/FBI//06/excels/table2.xls;known_offenders;20
1;Destruction/damage/vandalism;2006;data/FBI//06/excels/table2.xls;incidents;2125
1;Destruction/damage/vandalism;2006;data/FBI//06/excels/table2.xls;offenses;2125
1;Destruction/damage/vandalism;2006;data/FBI//06/excels/table2.xls;victims;2510
1;Destruction/damage/vandalism;2006;data/FBI//06/excels/table2.xls;known_offenders;759
1;Other4;2006;data/FBI//06/excels/table2.xls;incidents;31
1;Other4;2006;data/FBI//06/excels/table2.xls;offenses;31
1;Other4;2006;data/FBI//06/excels/table2.xls;victims;33
1;Other4;2006;data/FBI//06/excels/table2.xls;known_offenders;28
1;Crimes against society4;2006;data/FBI//06/excels/table2.xls;incidents;20
1;Crimes against society4;2006;data/FBI//06/excels/table2.xls;offenses;20
1;Crimes against society4;2006;data/FBI//06/excels/table2.xls;victims;20
1;Crimes against society4;2006;data/FBI//06/excels/table2.xls;known_offenders;34
2;Total;2007;data/FBI//07/hatecrimetables/table2.xls;incidents;5796
2;Total;2007;data/FBI//07/hatecrimetables/table2.xls;offenses;6718
2;Total;2007;data/FBI//07/hatecrimetables/table2.xls;victims;7164
2;Total;2007;data/FBI//07/hatecrimetables/table2.xls;known_offenders;5331
2;Crimes against persons:;2007;data/FBI//07/hatecrimetables/table2.xls;incidents;3258
2;Crimes against persons:;2007;data/FBI//07/hatecrimetables/table2.xls;offenses;3968
2;Crimes against persons:;2007;data/FBI//07/hatecrimetables/table2.xls;victims;3968
2;Crimes against persons:;2007;data/FBI//07/hatecrimetables/table2.xls;known_offenders;3948
2;Murder and nonnegligent manslaughter;2007;data/FBI//07/hatecrimetables/table2.xls;incidents;5
2;Murder and nonnegligent manslaughter;2007;data/FBI//07/hatecrimetables/table2.xls;offenses;10
2;Murder and nonnegligent manslaughter;2007;data/FBI//07/hatecrimetables/table2.xls;victims;10
2;Murder and nonnegligent manslaughter;2007;data/FBI//07/hatecrimetables/table2.xls;known_offenders;5
2;Forcible rape;2007;data/FBI//07/hatecrimetables/table2.xls;incidents;15
2;Forcible rape;2007;data/FBI//07/hatecrimetables/table2.xls;offenses;15
2;Forcible rape;2007;data/FBI//07/hatecrimetables/table2.xls;victims;15
2;Forcible rape;2007;data/FBI//07/hatecrimetables/table2.xls;known_offenders;18
2;Aggravated assault;2007;data/FBI//07/hatecrimetables/table2.xls;incidents;644
2;Aggravated assault;2007;data/FBI//07/hatecrimetables/table2.xls;offenses;854
2;Aggravated assault;2007;data/FBI//07/hatecrimetables/table2.xls;victims;854
2;Aggravated assault;2007;data/FBI//07/hatecrimetables/table2.xls;known_offenders;1011
2;Simple assault;2007;data/FBI//07/hatecrimetables/table2.xls;incidents;1336
2;Simple assault;2007;data/FBI//07/hatecrimetables/table2.xls;offenses;1570
2;Simple assault;2007;data/FBI//07/hatecrimetables/table2.xls;victims;1570
2;Simple assault;2007;data/FBI//07/hatecrimetables/table2.xls;known_offenders;1697
2;Intimidation;2007;data/FBI//07/hatecrimetables/table2.xls;incidents;1230
2;Intimidation;2007;data/FBI//07/hatecrimetables/table2.xls;offenses;1489
2;Intimidation;2007;data/FBI//07/hatecrimetables/table2.xls;victims;1489
2;Intimidation;2007;data/FBI//07/hatecrimetables/table2.xls;known_offenders;1182
2;Other4;2007;data/FBI//07/hatecrimetables/table2.xls;incidents;28
2;Other4;2007;data/FBI//07/hatecrimetables/table2.xls;offenses;30
2;Other4;2007;data/FBI//07/hatecrimetables/table2.xls;victims;30
2;Other4;2007;data/FBI//07/hatecrimetables/table2.xls;known_offenders;35
2;Crimes against property:;2007;data/FBI//07/hatecrimetables/table2.xls;incidents;2547
2;Crimes against property:;2007;data/FBI//07/hatecrimetables/table2.xls;offenses;2547
2;Crimes against property:;2007;data/FBI//07/hatecrimetables/table2.xls;victims;2993
2;Crimes against property:;2007;data/FBI//07/hatecrimetables/table2.xls;known_offenders;1413
2;Robbery;2007;data/FBI//07/hatecrimetables/table2.xls;incidents;126
2;Robbery;2007;data/FBI//07/hatecrimetables/table2.xls;offenses;126
2;Robbery;2007;data/FBI//07/hatecrimetables/table2.xls;victims;149
2;Robbery;2007;data/FBI//07/hatecrimetables/table2.xls;known_offenders;251
2;Burglary;2007;data/FBI//07/hatecrimetables/table2.xls;incidents;142
2;Burglary;2007;data/FBI//07/hatecrimetables/table2.xls;offenses;142
2;Burglary;2007;data/FBI//07/hatecrimetables/table2.xls;victims;174
2;Burglary;2007;data/FBI//07/hatecrimetables/table2.xls;known_offenders;145
2;Larceny-theft;2007;data/FBI//07/hatecrimetables/table2.xls;incidents;258
2;Larceny-theft;2007;data/FBI//07/hatecrimetables/table2.xls;offenses;258
2;Larceny-theft;2007;data/FBI//07/hatecrimetables/table2.xls;victims;281
2;Larceny-theft;2007;data/FBI//07/hatecrimetables/table2.xls;known_offenders;166
2;Motor vehicle theft;2007;data/FBI//07/hatecrimetables/table2.xls;incidents;23
2;Motor vehicle theft;2007;data/FBI//07/hatecrimetables/table2.xls;offenses;23
2;Motor vehicle theft;2007;data/FBI//07/hatecrimetables/table2.xls;victims;24
2;Motor vehicle theft;2007;data/FBI//07/hatecrimetables/table2.xls;known_offenders;8
2;Arson;2007;data/FBI//07/hatecrimetables/table2.xls;incidents;38
2;Arson;2007;data/FBI//07/hatecrimetables/table2.xls;offenses;38
2;Arson;2007;data/FBI//07/hatecrimetables/table2.xls;victims;46
2;Arson;2007;data/FBI//07/hatecrimetables/table2.xls;known_offenders;37
2;Destruction/damage/vandalism;2007;data/FBI//07/hatecrimetables/table2.xls;incidents;1906
2;Destruction/damage/vandalism;2007;data/FBI//07/hatecrimetables/table2.xls;offenses;1906
2;Destruction/damage/vandalism;2007;data/FBI//07/hatecrimetables/table2.xls;victims;2263
2;Destruction/damage/vandalism;2007;data/FBI//07/hatecrimetables/table2.xls;known_offenders;757
2;Other4;2007;data/FBI//07/hatecrimetables/table2.xls;incidents;54
2;Other4;2007;data/FBI//07/hatecrimetables/table2.xls;offenses;54
2;Other4;2007;data/FBI//07/hatecrimetables/table2.xls;victims;56
2;Other4;2007;data/FBI//07/hatecrimetables/table2.xls;known_offenders;49
2;Crimes against society4;2007;data/FBI//07/hatecrimetables/table2.xls;incidents;203
2;Crimes against society4;2007;data/FBI//07/hatecrimetables/table2.xls;offenses;203
2;Crimes against society4;2007;data/FBI//07/hatecrimetables/table2.xls;victims;203
2;Crimes against society4;2007;data/FBI//07/hatecrimetables/table2.xls;known_offenders;243
3;Total;2008;data/FBI//08/hcs08tables/table2.xls;incidents;5928
3;Total;2008;data/FBI//08/hcs08tables/table2.xls;offenses;6933
3;Total;2008;data/FBI//08/hcs08tables/table2.xls;victims;7242
3;Total;2008;data/FBI//08/hcs08tables/table2.xls;known_offenders;5814
3;Crimes against persons:;2008;data/FBI//08/hcs08tables/table2.xls;incidents;3607
3;Crimes against persons:;2008;data/FBI//08/hcs08tables/table2.xls;offenses;4430
3;Crimes against persons:;2008;data/FBI//08/hcs08tables/table2.xls;victims;4430
3;Crimes against persons:;2008;data/FBI//08/hcs08tables/table2.xls;known_offenders;4440
3;Murder and nonnegligent manslaughter;2008;data/FBI//08/hcs08tables/table2.xls;incidents;5
3;Murder and nonnegligent manslaughter;2008;data/FBI//08/hcs08tables/table2.xls;offenses;5
3;Murder and nonnegligent manslaughter;2008;data/FBI//08/hcs08tables/table2.xls;victims;5
3;Murder and nonnegligent manslaughter;2008;data/FBI//08/hcs08tables/table2.xls;known_offenders;5
3;Rape (revised definition)4;2008;data/FBI//08/hcs08tables/table2.xls;incidents;15
3;Rape (revised definition)4;2008;data/FBI//08/hcs08tables/table2.xls;offenses;15
3;Rape (revised definition)4;2008;data/FBI//08/hcs08tables/table2.xls;victims;15
3;Rape (revised definition)4;2008;data/FBI//08/hcs08tables/table2.xls;known_offenders;15
3;Rape (legacy definition)5;2008;data/FBI//08/hcs08tables/table2.xls;incidents;6
3;Rape (legacy definition)5;2008;data/FBI//08/hcs08tables/table2.xls;offenses;6
3;Rape (legacy definition)5;2008;data/FBI//08/hcs08tables/table2.xls;victims;6
3;Rape (legacy definition)5;2008;data/FBI//08/hcs08tables/table2.xls;known_offenders;10
3;Aggravated assault;2008;data/FBI//08/hcs08tables/table2.xls;incidents;588
3;Aggravated assault;2008;data/FBI//08/hcs08tables/table2.xls;offenses;734
3;Aggravated assault;2008;data/FBI//08/hcs08tables/table2.xls;victims;734
3;Aggravated assault;2008;data/FBI//08/hcs08tables/table2.xls;known_offenders;882
3;Simple assault;2008;data/FBI//08/hcs08tables/table2.xls;incidents;1441
3;Simple assault;2008;data/FBI//08/hcs08tables/table2.xls;offenses;1720
3;Simple assault;2008;data/FBI//08/hcs08tables/table2.xls;victims;1720
3;Simple assault;2008;data/FBI//08/hcs08tables/table2.xls;known_offenders;2013
3;Intimidation;2008;data/FBI//08/hcs08tables/table2.xls;incidents;1528
3;Intimidation;2008;data/FBI//08/hcs08tables/table2.xls;offenses;1925
3;Intimidation;2008;data/FBI//08/hcs08tables/table2.xls;victims;1925
3;Intimidation;2008;data/FBI//08/hcs08tables/table2.xls;known_offenders;1494
3;Other6;2008;data/FBI//08/hcs08tables/table2.xls;incidents;24
3;Other6;2008;data/FBI//08/hcs08tables/table2.xls;offenses;25
3;Other6;2008;data/FBI//08/hcs08tables/table2.xls;victims;25
3;Other6;2008;data/FBI//08/hcs08tables/table2.xls;known_offenders;21
3;Crimes against property:;2008;data/FBI//08/hcs08tables/table2.xls;incidents;2424
3;Crimes against property:;2008;data/FBI//08/hcs08tables/table2.xls;offenses;2424
3;Crimes against property:;2008;data/FBI//08/hcs08tables/table2.xls;victims;2733
3;Crimes against property:;2008;data/FBI//08/hcs08tables/table2.xls;known_offenders;1527
3;Robbery;2008;data/FBI//08/hcs08tables/table2.xls;incidents;126
3;Robbery;2008;data/FBI//08/hcs08tables/table2.xls;offenses;126
3;Robbery;2008;data/FBI//08/hcs08tables/table2.xls;victims;145
3;Robbery;2008;data/FBI//08/hcs08tables/table2.xls;known_offenders;261
3;Burglary;2008;data/FBI//08/hcs08tables/table2.xls;incidents;174
3;Burglary;2008;data/FBI//08/hcs08tables/table2.xls;offenses;174
3;Burglary;2008;data/FBI//08/hcs08tables/table2.xls;victims;202
3;Burglary;2008;data/FBI//08/hcs08tables/table2.xls;known_offenders;164
3;Larceny-theft;2008;data/FBI//08/hcs08tables/table2.xls;incidents;225
3;Larceny-theft;2008;data/FBI//08/hcs08tables/table2.xls;offenses;225
3;Larceny-theft;2008;data/FBI//08/hcs08tables/table2.xls;victims;246
3;Larceny-theft;2008;data/FBI//08/hcs08tables/table2.xls;known_offenders;168
3;Motor vehicle theft;2008;data/FBI//08/hcs08tables/table2.xls;incidents;20
3;Motor vehicle theft;2008;data/FBI//08/hcs08tables/table2.xls;offenses;20
3;Motor vehicle theft;2008;data/FBI//08/hcs08tables/table2.xls;victims;21
3;Motor vehicle theft;2008;data/FBI//08/hcs08tables/table2.xls;known_offenders;9
3;Arson;2008;data/FBI//08/hcs08tables/table2.xls;incidents;36
3;Arson;2008;data/FBI//08/hcs08tables/table2.xls;offenses;36
3;Arson;2008;data/FBI//08/hcs08tables/table2.xls;victims;40
3;Arson;2008;data/FBI//08/hcs08tables/table2.xls;known_offenders;21
3;Destruction/damage/vandalism;2008;data/FBI//08/hcs08tables/table2.xls;incidents;1783
3;Destruction/damage/vandalism;2008;data/FBI//08/hcs08tables/table2.xls;offenses;1783
3;Destruction/damage/vandalism;2008;data/FBI//08/hcs08tables/table2.xls;victims;2011
3;Destruction/damage/vandalism;2008;data/FBI//08/hcs08tables/table2.xls;known_offenders;862
3;Other6;2008;data/FBI//08/hcs08tables/table2.xls;incidents;60
3;Other6;2008;data/FBI//08/hcs08tables/table2.xls;offenses;60
3;Other6;2008;data/FBI//08/hcs08tables/table2.xls;victims;68
3;Other6;2008;data/FBI//08/hcs08tables/table2.xls;known_offenders;42
3;Crimes against society6;2008;data/FBI//08/hcs08tables/table2.xls;incidents;79
3;Crimes against society6;2008;data/FBI//08/hcs08tables/table2.xls;offenses;79
3;Crimes against society6;2008;data/FBI//08/hcs08tables/table2.xls;victims;79
3;Crimes against society6;2008;data/FBI//08/hcs08tables/table2.xls;known_offenders;102
4;Total;2009;data/FBI//09/Table 2.xls;incidents;5479
4;Total;2009;data/FBI//09/Table 2.xls;offenses;6418
4;Total;2009;data/FBI//09/Table 2.xls;victims;6727
4;Total;2009;data/FBI//09/Table 2.xls;known_offenders;5192
4;Crimes against persons:;2009;data/FBI//09/Table 2.xls;incidents;3303
4;Crimes against persons:;2009;data/FBI//09/Table 2.xls;offenses;4048
4;Crimes against persons:;2009;data/FBI//09/Table 2.xls;victims;4048
4;Crimes against persons:;2009;data/FBI//09/Table 2.xls;known_offenders;3925
4;Murder and nonnegligent manslaughter;2009;data/FBI//09/Table 2.xls;incidents;4
4;Murder and nonnegligent manslaughter;2009;data/FBI//09/Table 2.xls;offenses;4
4;Murder and nonnegligent manslaughter;2009;data/FBI//09/Table 2.xls;victims;4
4;Murder and nonnegligent manslaughter;2009;data/FBI//09/Table 2.xls;known_offenders;5
4;Rape (revised definition)4;2009;data/FBI//09/Table 2.xls;incidents;9
4;Rape (revised definition)4;2009;data/FBI//09/Table 2.xls;offenses;9
4;Rape (revised definition)4;2009;data/FBI//09/Table 2.xls;victims;9
4;Rape (revised definition)4;2009;data/FBI//09/Table 2.xls;known_offenders;10
4;Rape (legacy definition)5;2009;data/FBI//09/Table 2.xls;incidents;0
4;Rape (legacy definition)5;2009;data/FBI//09/Table 2.xls;offenses;0
4;Rape (legacy definition)5;2009;data/FBI//09/Table 2.xls;victims;0
4;Rape (legacy definition)5;2009;data/FBI//09/Table 2.xls;known_offenders;0
4;Aggravated assault;2009;data/FBI//09/Table 2.xls;incidents;599
4;Aggravated assault;2009;data/FBI//09/Table 2.xls;offenses;770
4;Aggravated assault;2009;data/FBI//09/Table 2.xls;victims;770
4;Aggravated assault;2009;data/FBI//09/Table 2.xls;known_offenders;899
4;Simple assault;2009;data/FBI//09/Table 2.xls;incidents;1307
4;Simple assault;2009;data/FBI//09/Table 2.xls;offenses;1514
4;Simple assault;2009;data/FBI//09/Table 2.xls;victims;1514
4;Simple assault;2009;data/FBI//09/Table 2.xls;known_offenders;1664
4;Intimidation;2009;data/FBI//09/Table 2.xls;incidents;1378
4;Intimidation;2009;data/FBI//09/Table 2.xls;offenses;1745
4;Intimidation;2009;data/FBI//09/Table 2.xls;victims;1745
4;Intimidation;2009;data/FBI//09/Table 2.xls;known_offenders;1336
4;Other6;2009;data/FBI//09/Table 2.xls;incidents;6
4;Other6;2009;data/FBI//09/Table 2.xls;offenses;6
4;Other6;2009;data/FBI//09/Table 2.xls;victims;6
4;Other6;2009;data/FBI//09/Table 2.xls;known_offenders;11
4;Crimes against property:;2009;data/FBI//09/Table 2.xls;incidents;2317
4;Crimes against property:;2009;data/FBI//09/Table 2.xls;offenses;2317
4;Crimes against property:;2009;data/FBI//09/Table 2.xls;victims;2624
4;Crimes against property:;2009;data/FBI//09/Table 2.xls;known_offenders;1455
4;Robbery;2009;data/FBI//09/Table 2.xls;incidents;122
4;Robbery;2009;data/FBI//09/Table 2.xls;offenses;122
4;Robbery;2009;data/FBI//09/Table 2.xls;victims;138
4;Robbery;2009;data/FBI//09/Table 2.xls;known_offenders;255
4;Burglary;2009;data/FBI//09/Table 2.xls;incidents;162
4;Burglary;2009;data/FBI//09/Table 2.xls;offenses;162
4;Burglary;2009;data/FBI//09/Table 2.xls;victims;208
4;Burglary;2009;data/FBI//09/Table 2.xls;known_offenders;185
4;Larceny-theft;2009;data/FBI//09/Table 2.xls;incidents;239
4;Larceny-theft;2009;data/FBI//09/Table 2.xls;offenses;239
4;Larceny-theft;2009;data/FBI//09/Table 2.xls;victims;256
4;Larceny-theft;2009;data/FBI//09/Table 2.xls;known_offenders;152
4;Motor vehicle theft;2009;data/FBI//09/Table 2.xls;incidents;22
4;Motor vehicle theft;2009;data/FBI//09/Table 2.xls;offenses;22
4;Motor vehicle theft;2009;data/FBI//09/Table 2.xls;victims;22
4;Motor vehicle theft;2009;data/FBI//09/Table 2.xls;known_offenders;15
4;Arson;2009;data/FBI//09/Table 2.xls;incidents;26
4;Arson;2009;data/FBI//09/Table 2.xls;offenses;26
4;Arson;2009;data/FBI//09/Table 2.xls;victims;39
4;Arson;2009;data/FBI//09/Table 2.xls;known_offenders;20
4;Destruction/damage/vandalism;2009;data/FBI//09/Table 2.xls;incidents;1694
4;Destruction/damage/vandalism;2009;data/FBI//09/Table 2.xls;offenses;1694
4;Destruction/damage/vandalism;2009;data/FBI//09/Table 2.xls;victims;1907
4;Destruction/damage/vandalism;2009;data/FBI//09/Table 2.xls;known_offenders;792
4;Other6;2009;data/FBI//09/Table 2.xls;incidents;52
4;Other6;2009;data/FBI//09/Table 2.xls;offenses;52
4;Other6;2009;data/FBI//09/Table 2.xls;victims;54
4;Other6;2009;data/FBI//09/Table 2.xls;known_offenders;36
4;Crimes against society6;2009;data/FBI//09/Table 2.xls;incidents;53
4;Crimes against society6;2009;data/FBI//09/Table 2.xls;offenses;53
4;Crimes against society6;2009;data/FBI//09/Table 2.xls;victims;55
4;Crimes against society6;2009;data/FBI//09/Table 2.xls;known_offenders;61
5;Total;2010;data/FBI//2010/Hate Crime Statistics 2010/Table 2-Incidents Offenses Victims and Known Offenders-by Offense Type 2010.xls;incidents;5850
5;Total;2010;data/FBI//2010/Hate Crime Statistics 2010/Table 2-Incidents Offenses Victims and Known Offenders-by Offense Type 2010.xls;offenses;6885
5;Total;2010;data/FBI//2010/Hate Crime Statistics 2010/Table 2-Incidents Offenses Victims and Known Offenders-by Offense Type 2010.xls;victims;7173
5;Total;2010;data/FBI//2010/Hate Crime Statistics 2010/Table 2-Incidents Offenses Victims and Known Offenders-by Offense Type 2010.xls;known_offenders;5493
5;Crimes against persons:;2010;data/FBI//2010/Hate Crime Statistics 2010/Table 2-Incidents Offenses Victims and Known Offenders-by Offense Type 2010.xls;incidents;3646
5;Crimes against persons:;2010;data/FBI//2010/Hate Crime Statistics 2010/Table 2-Incidents Offenses Victims and Known Offenders-by Offense Type 2010.xls;offenses;4482
5;Crimes against persons:;2010;data/FBI//2010/Hate Crime Statistics 2010/Table 2-Incidents Offenses Victims and Known Offenders-by Offense Type 2010.xls;victims;4482
5;Crimes against persons:;2010;data/FBI//2010/Hate Crime Statistics 2010/Table 2-Incidents Offenses Victims and Known Offenders-by Offense Type 2010.xls;known_offenders;4230
5;Murder and nonnegligent manslaughter;2010;data/FBI//2010/Hate Crime Statistics 2010/Table 2-Incidents Offenses Victims and Known Offenders-by Offense Type 2010.xls;incidents;8
5;Murder and nonnegligent manslaughter;2010;data/FBI//2010/Hate Crime Statistics 2010/Table 2-Incidents Offenses Victims and Known Offenders-by Offense Type 2010.xls;offenses;18
5;Murder and nonnegligent manslaughter;2010;data/FBI//2010/Hate Crime Statistics 2010/Table 2-Incidents Offenses Victims and Known Offenders-by Offense Type 2010.xls;victims;18
5;Murder and nonnegligent manslaughter;2010;data/FBI//2010/Hate Crime Statistics 2010/Table 2-Incidents Offenses Victims and Known Offenders-by Offense Type 2010.xls;known_offenders;9
5;Rape (revised definition)4;2010;data/FBI//2010/Hate Crime Statistics 2010/Table 2-Incidents Offenses Victims and Known Offenders-by Offense Type 2010.xls;incidents;12
5;Rape (revised definition)4;2010;data/FBI//2010/Hate Crime Statistics 2010/Table 2-Incidents Offenses Victims and Known Offenders-by Offense Type 2010.xls;offenses;12
5;Rape (revised definition)4;2010;data/FBI//2010/Hate Crime Statistics 2010/Table 2-Incidents Offenses Victims and Known Offenders-by Offense Type 2010.xls;victims;12
5;Rape (revised definition)4;2010;data/FBI//2010/Hate Crime Statistics 2010/Table 2-Incidents Offenses Victims and Known Offenders-by Offense Type 2010.xls;known_offenders;10
5;Rape (legacy definition)5;2010;data/FBI//2010/Hate Crime Statistics 2010/Table 2-Incidents Offenses Victims and Known Offenders-by Offense Type 2010.xls;incidents;1
5;Rape (legacy definition)5;2010;data/FBI//2010/Hate Crime Statistics 2010/Table 2-Incidents Offenses Victims and Known Offenders-by Offense Type 2010.xls;offenses;1
5;Rape (legacy definition)5;2010;data/FBI//2010/Hate Crime Statistics 2010/Table 2-Incidents Offenses Victims and Known Offenders-by Offense Type 2010.xls;victims;1
5;Rape (legacy definition)5;2010;data/FBI//2010/Hate Crime Statistics 2010/Table 2-Incidents Offenses Victims and Known Offenders-by Offense Type 2010.xls;known_offenders;1
5;Aggravated assault;2010;data/FBI//2010/Hate Crime Statistics 2010/Table 2-Incidents Offenses Victims and Known Offenders-by Offense Type 2010.xls;incidents;681
5;Aggravated assault;2010;data/FBI//2010/Hate Crime Statistics 2010/Table 2-Incidents Offenses Victims and Known Offenders-by Offense Type 2010.xls;offenses;882
5;Aggravated assault;2010;data/FBI//2010/Hate Crime Statistics 2010/Table 2-Incidents Offenses Victims and Known Offenders-by Offense Type 2010.xls;victims;882
5;Aggravated assault;2010;data/FBI//2010/Hate Crime Statistics 2010/Table 2-Incidents Offenses Victims and Known Offenders-by Offense Type 2010.xls;known_offenders;968
5;Simple assault;2010;data/FBI//2010/Hate Crime Statistics 2010/Table 2-Incidents Offenses Victims and Known Offenders-by Offense Type 2010.xls;incidents;1436
5;Simple assault;2010;data/FBI//2010/Hate Crime Statistics 2010/Table 2-Incidents Offenses Victims and Known Offenders-by Offense Type 2010.xls;offenses;1696
5;Simple assault;2010;data/FBI//2010/Hate Crime Statistics 2010/Table 2-Incidents Offenses Victims and Known Offenders-by Offense Type 2010.xls;victims;1696
5;Simple assault;2010;data/FBI//2010/Hate Crime Statistics 2010/Table 2-Incidents Offenses Victims and Known Offenders-by Offense Type 2010.xls;known_offenders;1797
5;Intimidation;2010;data/FBI//2010/Hate Crime Statistics 2010/Table 2-Incidents Offenses Victims and Known Offenders-by Offense Type 2010.xls;incidents;1495
5;Intimidation;2010;data/FBI//2010/Hate Crime Statistics 2010/Table 2-Incidents Offenses Victims and Known Offenders-by Offense Type 2010.xls;offenses;1853
5;Intimidation;2010;data/FBI//2010/Hate Crime Statistics 2010/Table 2-Incidents Offenses Victims and Known Offenders-by Offense Type 2010.xls;victims;1853
5;Intimidation;2010;data/FBI//2010/Hate Crime Statistics 2010/Table 2-Incidents Offenses Victims and Known Offenders-by Offense Type 2010.xls;known_offenders;1433
5;Other6;2010;data/FBI//2010/Hate Crime Statistics 2010/Table 2-Incidents Offenses Victims and Known Offenders-by Offense Type 2010.xls;incidents;13
5;Other6;2010;data/FBI//2010/Hate Crime Statistics 2010/Table 2-Incidents Offenses Victims and Known Offenders-by Offense Type 2010.xls;offenses;20
5;Other6;2010;data/FBI//2010/Hate Crime Statistics 2010/Table 2-Incidents Offenses Victims and Known Offenders-by Offense Type 2010.xls;victims;20
5;Other6;2010;data/FBI//2010/Hate Crime Statistics 2010/Table 2-Incidents Offenses Victims and Known Offenders-by Offense Type 2010.xls;known_offenders;12
5;Crimes against property:;2010;data/FBI//2010/Hate Crime Statistics 2010/Table 2-Incidents Offenses Victims and Known Offenders-by Offense Type 2010.xls;incidents;2338
5;Crimes against property:;2010;data/FBI//2010/Hate Crime Statistics 2010/Table 2-Incidents Offenses Victims and Known Offenders-by Offense Type 2010.xls;offenses;2338
5;Crimes against property:;2010;data/FBI//2010/Hate Crime Statistics 2010/Table 2-Incidents Offenses Victims and Known Offenders-by Offense Type 2010.xls;victims;2626
5;Crimes against property:;2010;data/FBI//2010/Hate Crime Statistics 2010/Table 2-Incidents Offenses Victims and Known Offenders-by Offense Type 2010.xls;known_offenders;1440
5;Robbery;2010;data/FBI//2010/Hate Crime Statistics 2010/Table 2-Incidents Offenses Victims and Known Offenders-by Offense Type 2010.xls;incidents;120
5;Robbery;2010;data/FBI//2010/Hate Crime Statistics 2010/Table 2-Incidents Offenses Victims and Known Offenders-by Offense Type 2010.xls;offenses;120
5;Robbery;2010;data/FBI//2010/Hate Crime Statistics 2010/Table 2-Incidents Offenses Victims and Known Offenders-by Offense Type 2010.xls;victims;148
5;Robbery;2010;data/FBI//2010/Hate Crime Statistics 2010/Table 2-Incidents Offenses Victims and Known Offenders-by Offense Type 2010.xls;known_offenders;227
5;Burglary;2010;data/FBI//2010/Hate Crime Statistics 2010/Table 2-Incidents Offenses Victims and Known Offenders-by Offense Type 2010.xls;incidents;147
5;Burglary;2010;data/FBI//2010/Hate Crime Statistics 2010/Table 2-Incidents Offenses Victims and Known Offenders-by Offense Type 2010.xls;offenses;147
5;Burglary;2010;data/FBI//2010/Hate Crime Statistics 2010/Table 2-Incidents Offenses Victims and Known Offenders-by Offense Type 2010.xls;victims;173
5;Burglary;2010;data/FBI//2010/Hate Crime Statistics 2010/Table 2-Incidents Offenses Victims and Known Offenders-by Offense Type 2010.xls;known_offenders;115
5;Larceny-theft;2010;data/FBI//2010/Hate Crime Statistics 2010/Table 2-Incidents Offenses Victims and Known Offenders-by Offense Type 2010.xls;incidents;255
5;Larceny-theft;2010;data/FBI//2010/Hate Crime Statistics 2010/Table 2-Incidents Offenses Victims and Known Offenders-by Offense Type 2010.xls;offenses;255
5;Larceny-theft;2010;data/FBI//2010/Hate Crime Statistics 2010/Table 2-Incidents Offenses Victims and Known Offenders-by Offense Type 2010.xls;victims;274
5;Larceny-theft;2010;data/FBI//2010/Hate Crime Statistics 2010/Table 2-Incidents Offenses Victims and Known Offenders-by Offense Type 2010.xls;known_offenders;177
5;Motor vehicle theft;2010;data/FBI//2010/Hate Crime Statistics 2010/Table 2-Incidents Offenses Victims and Known Offenders-by Offense Type 2010.xls;incidents;22
5;Motor vehicle theft;2010;data/FBI//2010/Hate Crime Statistics 2010/Table 2-Incidents Offenses Victims and Known Offenders-by Offense Type 2010.xls;offenses;22
5;Motor vehicle theft;2010;data/FBI//2010/Hate Crime Statistics 2010/Table 2-Incidents Offenses Victims and Known Offenders-by Offense Type 2010.xls;victims;24
5;Motor vehicle theft;2010;data/FBI//2010/Hate Crime Statistics 2010/Table 2-Incidents Offenses Victims and Known Offenders-by Offense Type 2010.xls;known_offenders;16
5;Arson;2010;data/FBI//2010/Hate Crime Statistics 2010/Table 2-Incidents Offenses Victims and Known Offenders-by Offense Type 2010.xls;incidents;30
5;Arson;2010;data/FBI//2010/Hate Crime Statistics 2010/Table 2-Incidents Offenses Victims and Known Offenders-by Offense Type 2010.xls;offenses;30
5;Arson;2010;data/FBI//2010/Hate Crime Statistics 2010/Table 2-Incidents Offenses Victims and Known Offenders-by Offense Type 2010.xls;victims;36
5;Arson;2010;data/FBI//2010/Hate Crime Statistics 2010/Table 2-Incidents Offenses Victims and Known Offenders-by Offense Type 2010.xls;known_offenders;21
5;Destruction/damage/vandalism;2010;data/FBI//2010/Hate Crime Statistics 2010/Table 2-Incidents Offenses Victims and Known Offenders-by Offense Type 2010.xls;incidents;1698
5;Destruction/damage/vandalism;2010;data/FBI//2010/Hate Crime Statistics 2010/Table 2-Incidents Offenses Victims and Known Offenders-by Offense Type 2010.xls;offenses;1698
5;Destruction/damage/vandalism;2010;data/FBI//2010/Hate Crime Statistics 2010/Table 2-Incidents Offenses Victims and Known Offenders-by Offense Type 2010.xls;victims;1897
5;Destruction/damage/vandalism;2010;data/FBI//2010/Hate Crime Statistics 2010/Table 2-Incidents Offenses Victims and Known Offenders-by Offense Type 2010.xls;known_offenders;836
5;Other6;2010;data/FBI//2010/Hate Crime Statistics 2010/Table 2-Incidents Offenses Victims and Known Offenders-by Offense Type 2010.xls;incidents;66
5;Other6;2010;data/FBI//2010/Hate Crime Statistics 2010/Table 2-Incidents Offenses Victims and Known Offenders-by Offense Type 2010.xls;offenses;66
5;Other6;2010;data/FBI//2010/Hate Crime Statistics 2010/Table 2-Incidents Offenses Victims and Known Offenders-by Offense Type 2010.xls;victims;74
5;Other6;2010;data/FBI//2010/Hate Crime Statistics 2010/Table 2-Incidents Offenses Victims and Known Offenders-by Offense Type 2010.xls;known_offenders;48
5;Crimes against society6;2010;data/FBI//2010/Hate Crime Statistics 2010/Table 2-Incidents Offenses Victims and Known Offenders-by Offense Type 2010.xls;incidents;65
5;Crimes against society6;2010;data/FBI//2010/Hate Crime Statistics 2010/Table 2-Incidents Offenses Victims and Known Offenders-by Offense Type 2010.xls;offenses;65
5;Crimes against society6;2010;data/FBI//2010/Hate Crime Statistics 2010/Table 2-Incidents Offenses Victims and Known Offenders-by Offense Type 2010.xls;victims;65
5;Crimes against society6;2010;data/FBI//2010/Hate Crime Statistics 2010/Table 2-Incidents Offenses Victims and Known Offenders-by Offense Type 2010.xls;known_offenders;74
6;Total;NA;NA;incidents;6121
6;Total;NA;NA;offenses;7321
6;Total;NA;NA;victims;7615
6;Total;NA;NA;known_offenders;5770
6;Crimes against persons:;NA;NA;incidents;3765
6;Crimes against persons:;NA;NA;offenses;4720
6;Crimes against persons:;NA;NA;victims;4720
6;Crimes against persons:;NA;NA;known_offenders;4353
6;Murder and nonnegligent manslaughter;NA;NA;incidents;5
6;Murder and nonnegligent manslaughter;NA;NA;offenses;9
6;Murder and nonnegligent manslaughter;NA;NA;victims;9
6;Murder and nonnegligent manslaughter;NA;NA;known_offenders;9
6;Rape (revised definition)4;NA;NA;incidents;24
6;Rape (revised definition)4;NA;NA;offenses;24
6;Rape (revised definition)4;NA;NA;victims;24
6;Rape (revised definition)4;NA;NA;known_offenders;29
6;Rape (legacy definition)5;NA;NA;incidents;0
6;Rape (legacy definition)5;NA;NA;offenses;0
6;Rape (legacy definition)5;NA;NA;victims;0
6;Rape (legacy definition)5;NA;NA;known_offenders;0
6;Aggravated assault;NA;NA;incidents;684
6;Aggravated assault;NA;NA;offenses;873
6;Aggravated assault;NA;NA;victims;873
6;Aggravated assault;NA;NA;known_offenders;1031
6;Simple assault;NA;NA;incidents;1458
6;Simple assault;NA;NA;offenses;1687
6;Simple assault;NA;NA;victims;1687
6;Simple assault;NA;NA;known_offenders;1857
6;Intimidation;NA;NA;incidents;1577
6;Intimidation;NA;NA;offenses;2109
6;Intimidation;NA;NA;victims;2109
6;Intimidation;NA;NA;known_offenders;1409
6;Other6;NA;NA;incidents;17
6;Other6;NA;NA;offenses;18
6;Other6;NA;NA;victims;18
6;Other6;NA;NA;known_offenders;18
6;Crimes against property:;NA;NA;incidents;2519
6;Crimes against property:;NA;NA;offenses;2519
6;Crimes against property:;NA;NA;victims;2813
6;Crimes against property:;NA;NA;known_offenders;1618
6;Robbery;NA;NA;incidents;134
6;Robbery;NA;NA;offenses;134
6;Robbery;NA;NA;victims;163
6;Robbery;NA;NA;known_offenders;249
6;Burglary;NA;NA;incidents;123
6;Burglary;NA;NA;offenses;123
6;Burglary;NA;NA;victims;138
6;Burglary;NA;NA;known_offenders;87
6;Larceny-theft;NA;NA;incidents;231
6;Larceny-theft;NA;NA;offenses;231
6;Larceny-theft;NA;NA;victims;253
6;Larceny-theft;NA;NA;known_offenders;173
6;Motor vehicle theft;NA;NA;incidents;20
6;Motor vehicle theft;NA;NA;offenses;20
6;Motor vehicle theft;NA;NA;victims;21
6;Motor vehicle theft;NA;NA;known_offenders;14
6;Arson;NA;NA;incidents;39
6;Arson;NA;NA;offenses;39
6;Arson;NA;NA;victims;51
6;Arson;NA;NA;known_offenders;33
6;Destruction/damage/vandalism;NA;NA;incidents;1913
6;Destruction/damage/vandalism;NA;NA;offenses;1913
6;Destruction/damage/vandalism;NA;NA;victims;2122
6;Destruction/damage/vandalism;NA;NA;known_offenders;1015
6;Other6;NA;NA;incidents;59
6;Other6;NA;NA;offenses;59
6;Other6;NA;NA;victims;65
6;Other6;NA;NA;known_offenders;47
6;Crimes against society6;NA;NA;incidents;82
6;Crimes against society6;NA;NA;offenses;82
6;Crimes against society6;NA;NA;victims;82
6;Crimes against society6;NA;NA;known_offenders;97
7;Total;NA;NA;incidents;7175
7;Total;NA;NA;offenses;8437
7;Total;NA;NA;victims;8828
7;Total;NA;NA;known_offenders;6370
7;Crimes against persons:;NA;NA;incidents;4090
7;Crimes against persons:;NA;NA;offenses;5084
7;Crimes against persons:;NA;NA;victims;5084
7;Crimes against persons:;NA;NA;known_offenders;4442
7;Murder and nonnegligent manslaughter;NA;NA;incidents;12
7;Murder and nonnegligent manslaughter;NA;NA;offenses;15
7;Murder and nonnegligent manslaughter;NA;NA;victims;15
7;Murder and nonnegligent manslaughter;NA;NA;known_offenders;15
7;Rape4;NA;NA;incidents;23
7;Rape4;NA;NA;offenses;23
7;Rape4;NA;NA;victims;23
7;Rape4;NA;NA;known_offenders;30
7;Aggravated assault;NA;NA;incidents;788
7;Aggravated assault;NA;NA;offenses;990
7;Aggravated assault;NA;NA;victims;990
7;Aggravated assault;NA;NA;known_offenders;1051
7;Simple assault;NA;NA;incidents;1433
7;Simple assault;NA;NA;offenses;1745
7;Simple assault;NA;NA;victims;1745
7;Simple assault;NA;NA;known_offenders;1725
7;Intimidation;NA;NA;incidents;1807
7;Intimidation;NA;NA;offenses;2283
7;Intimidation;NA;NA;victims;2283
7;Intimidation;NA;NA;known_offenders;1588
7;Human Trafficking, Commercial Sex Acts;NA;NA;incidents;1
7;Human Trafficking, Commercial Sex Acts;NA;NA;offenses;1
7;Human Trafficking, Commercial Sex Acts;NA;NA;victims;1
7;Human Trafficking, Commercial Sex Acts;NA;NA;known_offenders;0
7;Other5;NA;NA;incidents;26
7;Other5;NA;NA;offenses;27
7;Other5;NA;NA;victims;27
7;Other5;NA;NA;known_offenders;33
7;Crimes against property:;NA;NA;incidents;3115
7;Crimes against property:;NA;NA;offenses;3115
7;Crimes against property:;NA;NA;victims;3506
7;Crimes against property:;NA;NA;known_offenders;1933
7;Robbery;NA;NA;incidents;157
7;Robbery;NA;NA;offenses;157
7;Robbery;NA;NA;victims;171
7;Robbery;NA;NA;known_offenders;288
7;Burglary;NA;NA;incidents;145
7;Burglary;NA;NA;offenses;145
7;Burglary;NA;NA;victims;185
7;Burglary;NA;NA;known_offenders;98
7;Larceny-theft;NA;NA;incidents;326
7;Larceny-theft;NA;NA;offenses;326
7;Larceny-theft;NA;NA;victims;379
7;Larceny-theft;NA;NA;known_offenders;249
7;Motor vehicle theft;NA;NA;incidents;41
7;Motor vehicle theft;NA;NA;offenses;41
7;Motor vehicle theft;NA;NA;victims;44
7;Motor vehicle theft;NA;NA;known_offenders;25
7;Arson;NA;NA;incidents;42
7;Arson;NA;NA;offenses;42
7;Arson;NA;NA;victims;59
7;Arson;NA;NA;known_offenders;34
7;Destruction/damage/vandalism;NA;NA;incidents;2325
7;Destruction/damage/vandalism;NA;NA;offenses;2325
7;Destruction/damage/vandalism;NA;NA;victims;2585
7;Destruction/damage/vandalism;NA;NA;known_offenders;1182
7;Other5;NA;NA;incidents;79
7;Other5;NA;NA;offenses;79
7;Other5;NA;NA;victims;83
7;Other5;NA;NA;known_offenders;57
7;Crimes against society5;NA;NA;incidents;238
7;Crimes against society5;NA;NA;offenses;238
7;Crimes against society5;NA;NA;victims;238
7;Crimes against society5;NA;NA;known_offenders;284
8;Total;NA;NA;incidents;7120
8;Total;NA;NA;offenses;8496
8;Total;NA;NA;victims;8819
8;Total;NA;NA;known_offenders;6266
8;Crimes against persons:;NA;NA;incidents;4571
8;Crimes against persons:;NA;NA;offenses;5566
8;Crimes against persons:;NA;NA;victims;5566
8;Crimes against persons:;NA;NA;known_offenders;4738
8;Murder and nonnegligent manslaughter;NA;NA;incidents;13
8;Murder and nonnegligent manslaughter;NA;NA;offenses;24
8;Murder and nonnegligent manslaughter;NA;NA;victims;24
8;Murder and nonnegligent manslaughter;NA;NA;known_offenders;12
8;Rape4;NA;NA;incidents;22
8;Rape4;NA;NA;offenses;22
8;Rape4;NA;NA;victims;22
8;Rape4;NA;NA;known_offenders;21
8;Aggravated assault;NA;NA;incidents;818
8;Aggravated assault;NA;NA;offenses;1026
8;Aggravated assault;NA;NA;victims;1026
8;Aggravated assault;NA;NA;known_offenders;997
8;Simple assault;NA;NA;incidents;1653
8;Simple assault;NA;NA;offenses;1895
8;Simple assault;NA;NA;victims;1895
8;Simple assault;NA;NA;known_offenders;1991
8;Intimidation;NA;NA;incidents;2039
8;Intimidation;NA;NA;offenses;2560
8;Intimidation;NA;NA;victims;2560
8;Intimidation;NA;NA;known_offenders;1688
8;Other5;NA;NA;incidents;26
8;Other5;NA;NA;offenses;39
8;Other5;NA;NA;victims;39
8;Other5;NA;NA;known_offenders;29
8;Crimes against property:;NA;NA;incidents;2641
8;Crimes against property:;NA;NA;offenses;2641
8;Crimes against property:;NA;NA;victims;2964
8;Crimes against property:;NA;NA;known_offenders;1627
8;Robbery;NA;NA;incidents;132
8;Robbery;NA;NA;offenses;132
8;Robbery;NA;NA;victims;169
8;Robbery;NA;NA;known_offenders;203
8;Burglary;NA;NA;incidents;131
8;Burglary;NA;NA;offenses;131
8;Burglary;NA;NA;victims;166
8;Burglary;NA;NA;known_offenders;76
8;Larceny-theft;NA;NA;incidents;330
8;Larceny-theft;NA;NA;offenses;330
8;Larceny-theft;NA;NA;victims;357
8;Larceny-theft;NA;NA;known_offenders;198
8;Motor vehicle theft;NA;NA;incidents;42
8;Motor vehicle theft;NA;NA;offenses;42
8;Motor vehicle theft;NA;NA;victims;43
8;Motor vehicle theft;NA;NA;known_offenders;18
8;Arson;NA;NA;incidents;43
8;Arson;NA;NA;offenses;43
8;Arson;NA;NA;victims;53
8;Arson;NA;NA;known_offenders;22
8;Destruction/damage/vandalism;NA;NA;incidents;1876
8;Destruction/damage/vandalism;NA;NA;offenses;1876
8;Destruction/damage/vandalism;NA;NA;victims;2080
8;Destruction/damage/vandalism;NA;NA;known_offenders;1052
8;Other5;NA;NA;incidents;87
8;Other5;NA;NA;offenses;87
8;Other5;NA;NA;victims;96
8;Other5;NA;NA;known_offenders;58
8;Crimes against society5;NA;NA;incidents;289
8;Crimes against society5;NA;NA;offenses;289
8;Crimes against society5;NA;NA;victims;289
8;Crimes against society5;NA;NA;known_offenders;323
9;Total;NA;NA;incidents;7314
9;Total;NA;NA;offenses;8559
9;Total;NA;NA;victims;8812
9;Total;NA;NA;known_offenders;6406
9;Crimes against persons:;NA;NA;incidents;4526
9;Crimes against persons:;NA;NA;offenses;5512
9;Crimes against persons:;NA;NA;victims;5512
9;Crimes against persons:;NA;NA;known_offenders;4857
9;Murder and nonnegligent manslaughter;NA;NA;incidents;18
9;Murder and nonnegligent manslaughter;NA;NA;offenses;51
9;Murder and nonnegligent manslaughter;NA;NA;victims;51
9;Murder and nonnegligent manslaughter;NA;NA;known_offenders;19
9;Rape4;NA;NA;incidents;30
9;Rape4;NA;NA;offenses;30
9;Rape4;NA;NA;victims;30
9;Rape4;NA;NA;known_offenders;36
9;Aggravated assault;NA;NA;incidents;866
9;Aggravated assault;NA;NA;offenses;1158
9;Aggravated assault;NA;NA;victims;1158
9;Aggravated assault;NA;NA;known_offenders;1094
9;Simple assault;NA;NA;incidents;1730
9;Simple assault;NA;NA;offenses;2023
9;Simple assault;NA;NA;victims;2023
9;Simple assault;NA;NA;known_offenders;2030
9;Intimidation;NA;NA;incidents;1849
9;Intimidation;NA;NA;offenses;2206
9;Intimidation;NA;NA;victims;2206
9;Intimidation;NA;NA;known_offenders;1640
9;Human trafficking, commercial sex acts;NA;NA;incidents;2
9;Human trafficking, commercial sex acts;NA;NA;offenses;3
9;Human trafficking, commercial sex acts;NA;NA;victims;3
9;Human trafficking, commercial sex acts;NA;NA;known_offenders;3
9;Other5;NA;NA;incidents;31
9;Other5;NA;NA;offenses;41
9;Other5;NA;NA;victims;41
9;Other5;NA;NA;known_offenders;35
9;Crimes against property:;NA;NA;incidents;2811
9;Crimes against property:;NA;NA;offenses;2811
9;Crimes against property:;NA;NA;victims;3064
9;Crimes against property:;NA;NA;known_offenders;1598
9;Robbery;NA;NA;incidents;125
9;Robbery;NA;NA;offenses;125
9;Robbery;NA;NA;victims;149
9;Robbery;NA;NA;known_offenders;227
9;Burglary;NA;NA;incidents;114
9;Burglary;NA;NA;offenses;114
9;Burglary;NA;NA;victims;129
9;Burglary;NA;NA;known_offenders;64
9;Larceny-theft;NA;NA;incidents;284
9;Larceny-theft;NA;NA;offenses;284
9;Larceny-theft;NA;NA;victims;297
9;Larceny-theft;NA;NA;known_offenders;179
9;Motor vehicle theft;NA;NA;incidents;19
9;Motor vehicle theft;NA;NA;offenses;19
9;Motor vehicle theft;NA;NA;victims;19
9;Motor vehicle theft;NA;NA;known_offenders;9
9;Arson;NA;NA;incidents;60
9;Arson;NA;NA;offenses;60
9;Arson;NA;NA;victims;78
9;Arson;NA;NA;known_offenders;40
9;Destruction/damage/vandalism;NA;NA;incidents;2152
9;Destruction/damage/vandalism;NA;NA;offenses;2152
9;Destruction/damage/vandalism;NA;NA;victims;2316
9;Destruction/damage/vandalism;NA;NA;known_offenders;1045
9;Other5;NA;NA;incidents;57
9;Other5;NA;NA;offenses;57
9;Other5;NA;NA;victims;76
9;Other5;NA;NA;known_offenders;34
9;Crimes against society5;NA;NA;incidents;236
9;Crimes against society5;NA;NA;offenses;236
9;Crimes against society5;NA;NA;victims;236
9;Crimes against society5;NA;NA;known_offenders;279
