order;bias_motivation;year;file;name;value;bias_supra
1;Male;1991;api;victims;0;Gender:
1;Buddhist;1991;api;victims;0;Religion:
1;Hispanic/Latino;1991;api;victims;347;Race/Ethnicity/Ancestry:
1;Mormon;1991;api;victims;0;Religion:
1;Other Christian;1991;api;victims;0;Religion:
1;Sikh;1991;api;victims;0;Religion:
1;Multiple Races, Group;1991;api;victims;134;Race/Ethnicity/Ancestry:
1;Native Hawaiian/Other Pacific Islander;1991;api;victims;0;Race/Ethnicity/Ancestry:
1;Mental;1991;api;victims;0;Disability:
1;Arab;1991;api;victims;100;Race/Ethnicity/Ancestry:
1;Heterosexual;1991;api;victims;3;Sexual Orientation:
1;Transgender;1991;api;victims;0;Gender Identity:
1;Asian;1991;api;victims;330;Race/Ethnicity/Ancestry:
1;Multiple Religions, Group;1991;api;victims;11;Religion:
1;American Indian/Alaska Native;1991;api;victims;11;Race/Ethnicity/Ancestry:
1;Other Race/Ethnicity/Ancestry;1991;api;victims;144;Race/Ethnicity/Ancestry:
1;Lesbian, Gay, Bisexual,/Transgender (Mixed Group);1991;api;victims;76;Sexual Orientation:
1;Jehovah's Witness;1991;api;victims;0;Religion:
1;Protestant;1991;api;victims;27;Religion:
1;White;1991;api;victims;1069;Race/Ethnicity/Ancestry:
1;Lesbian;1991;api;victims;54;Sexual Orientation:
1;Physical;1991;api;victims;0;Disability:
1;Islamic (Muslim);1991;api;victims;10;Religion:
1;Hindu;1991;api;victims;0;Religion:
1;Other Religion;1991;api;victims;50;Religion:
1;Gay (Male);1991;api;victims;355;Sexual Orientation:
1;Eastern Orthodox (Russian, Greek, Other);1991;api;victims;0;Religion:
1;Jewish;1991;api;victims;848;Religion:
1;Gender Non-Conforming;1991;api;victims;0;Gender Identity:
1;Female;1991;api;victims;0;Gender:
1;Catholic;1991;api;victims;21;Religion:
1;Atheism/Agnosticism/etc.;1991;api;victims;4;Religion:
1;Bisexual;1991;api;victims;2;Sexual Orientation:
1;African American;1991;api;victims;2035;Race/Ethnicity/Ancestry:
1;Male;1992;api;victims;0;Gender:
1;Buddhist;1992;api;victims;0;Religion:
1;Hispanic/Latino;1992;api;victims;504;Race/Ethnicity/Ancestry:
1;Mormon;1992;api;victims;0;Religion:
1;Other Christian;1992;api;victims;0;Religion:
1;Sikh;1992;api;victims;0;Religion:
1;Multiple Races, Group;1992;api;victims;201;Race/Ethnicity/Ancestry:
1;Native Hawaiian/Other Pacific Islander;1992;api;victims;0;Race/Ethnicity/Ancestry:
1;Mental;1992;api;victims;0;Disability:
1;Arab;1992;api;victims;76;Race/Ethnicity/Ancestry:
1;Heterosexual;1992;api;victims;17;Sexual Orientation:
1;Transgender;1992;api;victims;0;Gender Identity:
1;Asian;1992;api;victims;279;Race/Ethnicity/Ancestry:
1;Multiple Religions, Group;1992;api;victims;14;Religion:
1;American Indian/Alaska Native;1992;api;victims;34;Race/Ethnicity/Ancestry:
1;Other Race/Ethnicity/Ancestry;1992;api;victims;268;Race/Ethnicity/Ancestry:
1;Lesbian, Gay, Bisexual,/Transgender (Mixed Group);1992;api;victims;131;Sexual Orientation:
1;Jehovah's Witness;1992;api;victims;0;Religion:
1;Protestant;1992;api;victims;30;Religion:
1;White;1992;api;victims;1669;Race/Ethnicity/Ancestry:
1;Lesbian;1992;api;victims;128;Sexual Orientation:
1;Physical;1992;api;victims;0;Disability:
1;Islamic (Muslim);1992;api;victims;17;Religion:
1;Hindu;1992;api;victims;0;Religion:
1;Other Religion;1992;api;victims;77;Religion:
1;Gay (Male);1992;api;victims;670;Sexual Orientation:
1;Eastern Orthodox (Russian, Greek, Other);1992;api;victims;0;Religion:
1;Jewish;1992;api;victims;1079;Religion:
1;Gender Non-Conforming;1992;api;victims;0;Gender Identity:
1;Female;1992;api;victims;0;Gender:
1;Catholic;1992;api;victims;18;Religion:
1;Atheism/Agnosticism/etc.;1992;api;victims;1;Religion:
1;Bisexual;1992;api;victims;3;Sexual Orientation:
1;African American;1992;api;victims;2902;Race/Ethnicity/Ancestry:
1;Male;1993;api;victims;0;Gender:
1;Buddhist;1993;api;victims;0;Religion:
1;Hispanic/Latino;1993;api;victims;527;Race/Ethnicity/Ancestry:
1;Mormon;1993;api;victims;0;Religion:
1;Other Christian;1993;api;victims;0;Religion:
1;Sikh;1993;api;victims;0;Religion:
1;Multiple Races, Group;1993;api;victims;226;Race/Ethnicity/Ancestry:
1;Native Hawaiian/Other Pacific Islander;1993;api;victims;0;Race/Ethnicity/Ancestry:
1;Mental;1993;api;victims;0;Disability:
1;Arab;1993;api;victims;68;Race/Ethnicity/Ancestry:
1;Heterosexual;1993;api;victims;28;Sexual Orientation:
1;Transgender;1993;api;victims;0;Gender Identity:
1;Asian;1993;api;victims;297;Race/Ethnicity/Ancestry:
1;Multiple Religions, Group;1993;api;victims;14;Religion:
1;American Indian/Alaska Native;1993;api;victims;40;Race/Ethnicity/Ancestry:
1;Other Race/Ethnicity/Ancestry;1993;api;victims;248;Race/Ethnicity/Ancestry:
1;Lesbian, Gay, Bisexual,/Transgender (Mixed Group);1993;api;victims;121;Sexual Orientation:
1;Jehovah's Witness;1993;api;victims;0;Religion:
1;Protestant;1993;api;victims;30;Religion:
1;White;1993;api;victims;1815;Race/Ethnicity/Ancestry:
1;Lesbian;1993;api;victims;147;Sexual Orientation:
1;Physical;1993;api;victims;0;Disability:
1;Islamic (Muslim);1993;api;victims;15;Religion:
1;Hindu;1993;api;victims;0;Religion:
1;Other Religion;1993;api;victims;66;Religion:
1;Gay (Male);1993;api;victims;698;Sexual Orientation:
1;Eastern Orthodox (Russian, Greek, Other);1993;api;victims;0;Religion:
1;Jewish;1993;api;victims;1189;Religion:
1;Gender Non-Conforming;1993;api;victims;0;Gender Identity:
1;Female;1993;api;victims;0;Gender:
1;Catholic;1993;api;victims;33;Religion:
1;Atheism/Agnosticism/etc.;1993;api;victims;3;Religion:
1;Bisexual;1993;api;victims;2;Sexual Orientation:
1;African American;1993;api;victims;3422;Race/Ethnicity/Ancestry:
1;Male;1994;api;victims;0;Gender:
1;Buddhist;1994;api;victims;0;Religion:
1;Hispanic/Latino;1994;api;victims;452;Race/Ethnicity/Ancestry:
1;Mormon;1994;api;victims;0;Religion:
1;Other Christian;1994;api;victims;0;Religion:
1;Sikh;1994;api;victims;0;Religion:
1;Multiple Races, Group;1994;api;victims;175;Race/Ethnicity/Ancestry:
1;Native Hawaiian/Other Pacific Islander;1994;api;victims;0;Race/Ethnicity/Ancestry:
1;Mental;1994;api;victims;0;Disability:
1;Arab;1994;api;victims;66;Race/Ethnicity/Ancestry:
1;Heterosexual;1994;api;victims;16;Sexual Orientation:
1;Transgender;1994;api;victims;0;Gender Identity:
1;Asian;1994;api;victims;268;Race/Ethnicity/Ancestry:
1;Multiple Religions, Group;1994;api;victims;14;Religion:
1;American Indian/Alaska Native;1994;api;victims;29;Race/Ethnicity/Ancestry:
1;Other Race/Ethnicity/Ancestry;1994;api;victims;278;Race/Ethnicity/Ancestry:
1;Lesbian, Gay, Bisexual,/Transgender (Mixed Group);1994;api;victims;80;Sexual Orientation:
1;Jehovah's Witness;1994;api;victims;0;Religion:
1;Protestant;1994;api;victims;32;Religion:
1;White;1994;api;victims;1264;Race/Ethnicity/Ancestry:
1;Lesbian;1994;api;victims;120;Sexual Orientation:
1;Physical;1994;api;victims;0;Disability:
1;Islamic (Muslim);1994;api;victims;16;Religion:
1;Hindu;1994;api;victims;0;Religion:
1;Other Religion;1994;api;victims;72;Religion:
1;Gay (Male);1994;api;victims;565;Sexual Orientation:
1;Eastern Orthodox (Russian, Greek, Other);1994;api;victims;0;Religion:
1;Jewish;1994;api;victims;1091;Religion:
1;Gender Non-Conforming;1994;api;victims;0;Gender Identity:
1;Female;1994;api;victims;0;Gender:
1;Catholic;1994;api;victims;19;Religion:
1;Atheism/Agnosticism/etc.;1994;api;victims;3;Religion:
1;Bisexual;1994;api;victims;10;Sexual Orientation:
1;African American;1994;api;victims;2693;Race/Ethnicity/Ancestry:
1;Male;1995;api;victims;0;Gender:
1;Buddhist;1995;api;victims;0;Religion:
1;Hispanic/Latino;1995;api;victims;683;Race/Ethnicity/Ancestry:
1;Mormon;1995;api;victims;0;Religion:
1;Other Christian;1995;api;victims;0;Religion:
1;Sikh;1995;api;victims;0;Religion:
1;Multiple Races, Group;1995;api;victims;309;Race/Ethnicity/Ancestry:
1;Native Hawaiian/Other Pacific Islander;1995;api;victims;0;Race/Ethnicity/Ancestry:
1;Mental;1995;api;victims;0;Disability:
1;Arab;1995;api;victims;70;Race/Ethnicity/Ancestry:
1;Heterosexual;1995;api;victims;19;Sexual Orientation:
1;Transgender;1995;api;victims;0;Gender Identity:
1;Asian;1995;api;victims;480;Race/Ethnicity/Ancestry:
1;Multiple Religions, Group;1995;api;victims;24;Religion:
1;American Indian/Alaska Native;1995;api;victims;58;Race/Ethnicity/Ancestry:
1;Other Race/Ethnicity/Ancestry;1995;api;victims;270;Race/Ethnicity/Ancestry:
1;Lesbian, Gay, Bisexual,/Transgender (Mixed Group);1995;api;victims;125;Sexual Orientation:
1;Jehovah's Witness;1995;api;victims;0;Religion:
1;Protestant;1995;api;victims;46;Religion:
1;White;1995;api;victims;1521;Race/Ethnicity/Ancestry:
1;Lesbian;1995;api;victims;187;Sexual Orientation:
1;Physical;1995;api;victims;0;Disability:
1;Islamic (Muslim);1995;api;victims;39;Religion:
1;Hindu;1995;api;victims;0;Religion:
1;Other Religion;1995;api;victims;119;Religion:
1;Gay (Male);1995;api;victims;912;Sexual Orientation:
1;Eastern Orthodox (Russian, Greek, Other);1995;api;victims;0;Religion:
1;Jewish;1995;api;victims;1142;Religion:
1;Gender Non-Conforming;1995;api;victims;0;Gender Identity:
1;Female;1995;api;victims;0;Gender:
1;Catholic;1995;api;victims;34;Religion:
1;Atheism/Agnosticism/etc.;1995;api;victims;1;Religion:
1;Bisexual;1995;api;victims;18;Sexual Orientation:
1;African American;1995;api;victims;3808;Race/Ethnicity/Ancestry:
1;Male;1996;api;victims;0;Gender:
1;Buddhist;1996;api;victims;0;Religion:
1;Hispanic/Latino;1996;api;victims;713;Race/Ethnicity/Ancestry:
1;Mormon;1996;api;victims;0;Religion:
1;Other Christian;1996;api;victims;0;Religion:
1;Sikh;1996;api;victims;0;Religion:
1;Multiple Races, Group;1996;api;victims;319;Race/Ethnicity/Ancestry:
1;Native Hawaiian/Other Pacific Islander;1996;api;victims;0;Race/Ethnicity/Ancestry:
1;Mental;1996;api;victims;0;Disability:
1;Arab;1996;api;victims;51;Race/Ethnicity/Ancestry:
1;Heterosexual;1996;api;victims;38;Sexual Orientation:
1;Transgender;1996;api;victims;0;Gender Identity:
1;Asian;1996;api;victims;524;Race/Ethnicity/Ancestry:
1;Multiple Religions, Group;1996;api;victims;27;Religion:
1;American Indian/Alaska Native;1996;api;victims;69;Race/Ethnicity/Ancestry:
1;Other Race/Ethnicity/Ancestry;1996;api;victims;408;Race/Ethnicity/Ancestry:
1;Lesbian, Gay, Bisexual,/Transgender (Mixed Group);1996;api;victims;95;Sexual Orientation:
1;Jehovah's Witness;1996;api;victims;0;Religion:
1;Protestant;1996;api;victims;79;Religion:
1;White;1996;api;victims;1379;Race/Ethnicity/Ancestry:
1;Lesbian;1996;api;victims;179;Sexual Orientation:
1;Physical;1996;api;victims;0;Disability:
1;Islamic (Muslim);1996;api;victims;33;Religion:
1;Hindu;1996;api;victims;0;Religion:
1;Other Religion;1996;api;victims;167;Religion:
1;Gay (Male);1996;api;victims;926;Sexual Orientation:
1;Eastern Orthodox (Russian, Greek, Other);1996;api;victims;0;Religion:
1;Jewish;1996;api;victims;1174;Religion:
1;Gender Non-Conforming;1996;api;victims;0;Gender Identity:
1;Female;1996;api;victims;0;Gender:
1;Catholic;1996;api;victims;36;Religion:
1;Atheism/Agnosticism/etc.;1996;api;victims;2;Religion:
1;Bisexual;1996;api;victims;10;Sexual Orientation:
1;African American;1996;api;victims;4455;Race/Ethnicity/Ancestry:
1;Male;1997;api;victims;0;Gender:
1;Buddhist;1997;api;victims;0;Religion:
1;Hispanic/Latino;1997;api;victims;632;Race/Ethnicity/Ancestry:
1;Mormon;1997;api;victims;0;Religion:
1;Other Christian;1997;api;victims;0;Religion:
1;Sikh;1997;api;victims;0;Religion:
1;Multiple Races, Group;1997;api;victims;314;Race/Ethnicity/Ancestry:
1;Native Hawaiian/Other Pacific Islander;1997;api;victims;0;Race/Ethnicity/Ancestry:
1;Mental;1997;api;victims;3;Disability:
1;Arab;1997;api;victims;46;Race/Ethnicity/Ancestry:
1;Heterosexual;1997;api;victims;14;Sexual Orientation:
1;Transgender;1997;api;victims;0;Gender Identity:
1;Asian;1997;api;victims;434;Race/Ethnicity/Ancestry:
1;Multiple Religions, Group;1997;api;victims;25;Religion:
1;American Indian/Alaska Native;1997;api;victims;45;Race/Ethnicity/Ancestry:
1;Other Race/Ethnicity/Ancestry;1997;api;victims;399;Race/Ethnicity/Ancestry:
1;Lesbian, Gay, Bisexual,/Transgender (Mixed Group);1997;api;victims;219;Sexual Orientation:
1;Jehovah's Witness;1997;api;victims;0;Religion:
1;Protestant;1997;api;victims;60;Religion:
1;White;1997;api;victims;1282;Race/Ethnicity/Ancestry:
1;Lesbian;1997;api;victims;226;Sexual Orientation:
1;Physical;1997;api;victims;10;Disability:
1;Islamic (Muslim);1997;api;victims;31;Religion:
1;Hindu;1997;api;victims;0;Religion:
1;Other Religion;1997;api;victims;173;Religion:
1;Gay (Male);1997;api;victims;907;Sexual Orientation:
1;Eastern Orthodox (Russian, Greek, Other);1997;api;victims;0;Religion:
1;Jewish;1997;api;victims;1151;Religion:
1;Gender Non-Conforming;1997;api;victims;0;Gender Identity:
1;Female;1997;api;victims;0;Gender:
1;Catholic;1997;api;victims;32;Religion:
1;Atheism/Agnosticism/etc.;1997;api;victims;2;Religion:
1;Bisexual;1997;api;victims;10;Sexual Orientation:
1;African American;1997;api;victims;3853;Race/Ethnicity/Ancestry:
1;Male;1998;api;victims;0;Gender:
1;Buddhist;1998;api;victims;0;Religion:
1;Hispanic/Latino;1998;api;victims;616;Race/Ethnicity/Ancestry:
1;Mormon;1998;api;victims;0;Religion:
1;Other Christian;1998;api;victims;0;Religion:
1;Sikh;1998;api;victims;0;Religion:
1;Multiple Races, Group;1998;api;victims;378;Race/Ethnicity/Ancestry:
1;Native Hawaiian/Other Pacific Islander;1998;api;victims;0;Race/Ethnicity/Ancestry:
1;Mental;1998;api;victims;13;Disability:
1;Arab;1998;api;victims;32;Race/Ethnicity/Ancestry:
1;Heterosexual;1998;api;victims;13;Sexual Orientation:
1;Transgender;1998;api;victims;0;Gender Identity:
1;Asian;1998;api;victims;355;Race/Ethnicity/Ancestry:
1;Multiple Religions, Group;1998;api;victims;45;Religion:
1;American Indian/Alaska Native;1998;api;victims;66;Race/Ethnicity/Ancestry:
1;Other Race/Ethnicity/Ancestry;1998;api;victims;302;Race/Ethnicity/Ancestry:
1;Lesbian, Gay, Bisexual,/Transgender (Mixed Group);1998;api;victims;173;Sexual Orientation:
1;Jehovah's Witness;1998;api;victims;0;Religion:
1;Protestant;1998;api;victims;61;Religion:
1;White;1998;api;victims;1000;Race/Ethnicity/Ancestry:
1;Lesbian;1998;api;victims;277;Sexual Orientation:
1;Physical;1998;api;victims;14;Disability:
1;Islamic (Muslim);1998;api;victims;22;Religion:
1;Hindu;1998;api;victims;0;Religion:
1;Other Religion;1998;api;victims;141;Religion:
1;Gay (Male);1998;api;victims;989;Sexual Orientation:
1;Eastern Orthodox (Russian, Greek, Other);1998;api;victims;0;Religion:
1;Jewish;1998;api;victims;1146;Religion:
1;Gender Non-Conforming;1998;api;victims;0;Gender Identity:
1;Female;1998;api;victims;0;Gender:
1;Catholic;1998;api;victims;60;Religion:
1;Atheism/Agnosticism/etc.;1998;api;victims;2;Religion:
1;Bisexual;1998;api;victims;18;Sexual Orientation:
1;African American;1998;api;victims;3634;Race/Ethnicity/Ancestry:
1;Male;1999;api;victims;0;Gender:
1;Buddhist;1999;api;victims;0;Religion:
1;Hispanic/Latino;1999;api;victims;588;Race/Ethnicity/Ancestry:
1;Mormon;1999;api;victims;0;Religion:
1;Other Christian;1999;api;victims;0;Religion:
1;Sikh;1999;api;victims;0;Religion:
1;Multiple Races, Group;1999;api;victims;320;Race/Ethnicity/Ancestry:
1;Native Hawaiian/Other Pacific Islander;1999;api;victims;0;Race/Ethnicity/Ancestry:
1;Mental;1999;api;victims;10;Disability:
1;Arab;1999;api;victims;30;Race/Ethnicity/Ancestry:
1;Heterosexual;1999;api;victims;16;Sexual Orientation:
1;Transgender;1999;api;victims;0;Gender Identity:
1;Asian;1999;api;victims;366;Race/Ethnicity/Ancestry:
1;Multiple Religions, Group;1999;api;victims;36;Religion:
1;American Indian/Alaska Native;1999;api;victims;51;Race/Ethnicity/Ancestry:
1;Other Race/Ethnicity/Ancestry;1999;api;victims;407;Race/Ethnicity/Ancestry:
1;Lesbian, Gay, Bisexual,/Transgender (Mixed Group);1999;api;victims;203;Sexual Orientation:
1;Jehovah's Witness;1999;api;victims;0;Religion:
1;Protestant;1999;api;victims;52;Religion:
1;White;1999;api;victims;974;Race/Ethnicity/Ancestry:
1;Lesbian;1999;api;victims;214;Sexual Orientation:
1;Physical;1999;api;victims;9;Disability:
1;Islamic (Muslim);1999;api;victims;34;Religion:
1;Hindu;1999;api;victims;0;Religion:
1;Other Religion;1999;api;victims;173;Religion:
1;Gay (Male);1999;api;victims;1030;Sexual Orientation:
1;Eastern Orthodox (Russian, Greek, Other);1999;api;victims;0;Religion:
1;Jewish;1999;api;victims;1195;Religion:
1;Gender Non-Conforming;1999;api;victims;0;Gender Identity:
1;Female;1999;api;victims;0;Gender:
1;Catholic;1999;api;victims;40;Religion:
1;Atheism/Agnosticism/etc.;1999;api;victims;5;Religion:
1;Bisexual;1999;api;victims;25;Sexual Orientation:
1;African American;1999;api;victims;3572;Race/Ethnicity/Ancestry:
1;Male;2000;api;victims;0;Gender:
1;Buddhist;2000;api;victims;0;Religion:
1;Hispanic/Latino;2000;api;victims;755;Race/Ethnicity/Ancestry:
1;Mormon;2000;api;victims;0;Religion:
1;Other Christian;2000;api;victims;0;Religion:
1;Sikh;2000;api;victims;0;Religion:
1;Multiple Races, Group;2000;api;victims;339;Race/Ethnicity/Ancestry:
1;Native Hawaiian/Other Pacific Islander;2000;api;victims;0;Race/Ethnicity/Ancestry:
1;Mental;2000;api;victims;17;Disability:
1;Arab;2000;api;victims;46;Race/Ethnicity/Ancestry:
1;Heterosexual;2000;api;victims;24;Sexual Orientation:
1;Transgender;2000;api;victims;0;Gender Identity:
1;Asian;2000;api;victims;313;Race/Ethnicity/Ancestry:
1;Multiple Religions, Group;2000;api;victims;51;Religion:
1;American Indian/Alaska Native;2000;api;victims;64;Race/Ethnicity/Ancestry:
1;Other Race/Ethnicity/Ancestry;2000;api;victims;383;Race/Ethnicity/Ancestry:
1;Lesbian, Gay, Bisexual,/Transgender (Mixed Group);2000;api;victims;216;Sexual Orientation:
1;Jehovah's Witness;2000;api;victims;0;Religion:
1;Protestant;2000;api;victims;62;Religion:
1;White;2000;api;victims;1085;Race/Ethnicity/Ancestry:
1;Lesbian;2000;api;victims;227;Sexual Orientation:
1;Physical;2000;api;victims;20;Disability:
1;Islamic (Muslim);2000;api;victims;34;Religion:
1;Hindu;2000;api;victims;0;Religion:
1;Other Religion;2000;api;victims;187;Religion:
1;Gay (Male);2000;api;victims;1031;Sexual Orientation:
1;Eastern Orthodox (Russian, Greek, Other);2000;api;victims;0;Religion:
1;Jewish;2000;api;victims;1170;Religion:
1;Gender Non-Conforming;2000;api;victims;0;Gender Identity:
1;Female;2000;api;victims;0;Gender:
1;Catholic;2000;api;victims;60;Religion:
1;Atheism/Agnosticism/etc.;2000;api;victims;6;Religion:
1;Bisexual;2000;api;victims;21;Sexual Orientation:
1;African American;2000;api;victims;3484;Race/Ethnicity/Ancestry:
1;Male;2001;api;victims;0;Gender:
1;Buddhist;2001;api;victims;0;Religion:
1;Hispanic/Latino;2001;api;victims;766;Race/Ethnicity/Ancestry:
1;Mormon;2001;api;victims;0;Religion:
1;Other Christian;2001;api;victims;0;Religion:
1;Sikh;2001;api;victims;0;Religion:
1;Multiple Races, Group;2001;api;victims;282;Race/Ethnicity/Ancestry:
1;Native Hawaiian/Other Pacific Islander;2001;api;victims;0;Race/Ethnicity/Ancestry:
1;Mental;2001;api;victims;25;Disability:
1;Arab;2001;api;victims;294;Race/Ethnicity/Ancestry:
1;Heterosexual;2001;api;victims;18;Sexual Orientation:
1;Transgender;2001;api;victims;0;Gender Identity:
1;Asian;2001;api;victims;349;Race/Ethnicity/Ancestry:
1;Multiple Religions, Group;2001;api;victims;52;Religion:
1;American Indian/Alaska Native;2001;api;victims;94;Race/Ethnicity/Ancestry:
1;Other Race/Ethnicity/Ancestry;2001;api;victims;1461;Race/Ethnicity/Ancestry:
1;Lesbian, Gay, Bisexual,/Transgender (Mixed Group);2001;api;victims;211;Sexual Orientation:
1;Jehovah's Witness;2001;api;victims;0;Religion:
1;Protestant;2001;api;victims;35;Religion:
1;White;2001;api;victims;970;Race/Ethnicity/Ancestry:
1;Lesbian;2001;api;victims;244;Sexual Orientation:
1;Physical;2001;api;victims;14;Disability:
1;Islamic (Muslim);2001;api;victims;564;Religion:
1;Hindu;2001;api;victims;0;Religion:
1;Other Religion;2001;api;victims;217;Religion:
1;Gay (Male);2001;api;victims;1113;Sexual Orientation:
1;Eastern Orthodox (Russian, Greek, Other);2001;api;victims;0;Religion:
1;Jewish;2001;api;victims;1121;Religion:
1;Gender Non-Conforming;2001;api;victims;0;Gender Identity:
1;Female;2001;api;victims;0;Gender:
1;Catholic;2001;api;victims;36;Religion:
1;Atheism/Agnosticism/etc.;2001;api;victims;5;Religion:
1;Bisexual;2001;api;victims;15;Sexual Orientation:
1;African American;2001;api;victims;3559;Race/Ethnicity/Ancestry:
1;Male;2002;api;victims;0;Gender:
1;Buddhist;2002;api;victims;0;Religion:
1;Hispanic/Latino;2002;api;victims;602;Race/Ethnicity/Ancestry:
1;Mormon;2002;api;victims;0;Religion:
1;Other Christian;2002;api;victims;0;Religion:
1;Sikh;2002;api;victims;0;Religion:
1;Multiple Races, Group;2002;api;victims;203;Race/Ethnicity/Ancestry:
1;Native Hawaiian/Other Pacific Islander;2002;api;victims;0;Race/Ethnicity/Ancestry:
1;Mental;2002;api;victims;31;Disability:
1;Arab;2002;api;victims;93;Race/Ethnicity/Ancestry:
1;Heterosexual;2002;api;victims;26;Sexual Orientation:
1;Transgender;2002;api;victims;0;Gender Identity:
1;Asian;2002;api;victims;269;Race/Ethnicity/Ancestry:
1;Multiple Religions, Group;2002;api;victims;26;Religion:
1;American Indian/Alaska Native;2002;api;victims;68;Race/Ethnicity/Ancestry:
1;Other Race/Ethnicity/Ancestry;2002;api;victims;655;Race/Ethnicity/Ancestry:
1;Lesbian, Gay, Bisexual,/Transgender (Mixed Group);2002;api;victims;261;Sexual Orientation:
1;Jehovah's Witness;2002;api;victims;0;Religion:
1;Protestant;2002;api;victims;55;Religion:
1;White;2002;api;victims;874;Race/Ethnicity/Ancestry:
1;Lesbian;2002;api;victims;210;Sexual Orientation:
1;Physical;2002;api;victims;17;Disability:
1;Islamic (Muslim);2002;api;victims;171;Religion:
1;Hindu;2002;api;victims;0;Religion:
1;Other Religion;2002;api;victims;213;Religion:
1;Gay (Male);2002;api;victims;944;Sexual Orientation:
1;Eastern Orthodox (Russian, Greek, Other);2002;api;victims;0;Religion:
1;Jewish;2002;api;victims;1042;Religion:
1;Gender Non-Conforming;2002;api;victims;0;Gender Identity:
1;Female;2002;api;victims;0;Gender:
1;Catholic;2002;api;victims;55;Religion:
1;Atheism/Agnosticism/etc.;2002;api;victims;2;Religion:
1;Bisexual;2002;api;victims;16;Sexual Orientation:
1;African American;2002;api;victims;2988;Race/Ethnicity/Ancestry:
1;Male;2003;api;victims;0;Gender:
1;Buddhist;2003;api;victims;0;Religion:
1;Hispanic/Latino;2003;api;victims;535;Race/Ethnicity/Ancestry:
1;Mormon;2003;api;victims;0;Religion:
1;Other Christian;2003;api;victims;0;Religion:
1;Sikh;2003;api;victims;0;Religion:
1;Multiple Races, Group;2003;api;victims;220;Race/Ethnicity/Ancestry:
1;Native Hawaiian/Other Pacific Islander;2003;api;victims;0;Race/Ethnicity/Ancestry:
1;Mental;2003;api;victims;11;Disability:
1;Arab;2003;api;victims;15;Race/Ethnicity/Ancestry:
1;Heterosexual;2003;api;victims;17;Sexual Orientation:
1;Transgender;2003;api;victims;0;Gender Identity:
1;Asian;2003;api;victims;279;Race/Ethnicity/Ancestry:
1;Multiple Religions, Group;2003;api;victims;24;Religion:
1;American Indian/Alaska Native;2003;api;victims;77;Race/Ethnicity/Ancestry:
1;Other Race/Ethnicity/Ancestry;2003;api;victims;694;Race/Ethnicity/Ancestry:
1;Lesbian, Gay, Bisexual,/Transgender (Mixed Group);2003;api;victims;308;Sexual Orientation:
1;Jehovah's Witness;2003;api;victims;0;Religion:
1;Protestant;2003;api;victims;49;Religion:
1;White;2003;api;victims;966;Race/Ethnicity/Ancestry:
1;Lesbian;2003;api;victims;215;Sexual Orientation:
1;Physical;2003;api;victims;42;Disability:
1;Islamic (Muslim);2003;api;victims;156;Religion:
1;Hindu;2003;api;victims;0;Religion:
1;Other Religion;2003;api;victims;116;Religion:
1;Gay (Male);2003;api;victims;890;Sexual Orientation:
1;Eastern Orthodox (Russian, Greek, Other);2003;api;victims;0;Religion:
1;Jewish;2003;api;victims;986;Religion:
1;Gender Non-Conforming;2003;api;victims;0;Gender Identity:
1;Female;2003;api;victims;0;Gender:
1;Catholic;2003;api;victims;77;Religion:
1;Atheism/Agnosticism/etc.;2003;api;victims;13;Religion:
1;Bisexual;2003;api;victims;9;Sexual Orientation:
1;African American;2003;api;victims;3049;Race/Ethnicity/Ancestry:
1;Male;2004;api;victims;0;Gender:
1;Buddhist;2004;api;victims;0;Religion:
1;Hispanic/Latino;2004;api;victims;617;Race/Ethnicity/Ancestry:
1;Mormon;2004;api;victims;0;Religion:
1;Other Christian;2004;api;victims;0;Religion:
1;Sikh;2004;api;victims;0;Religion:
1;Multiple Races, Group;2004;api;victims;237;Race/Ethnicity/Ancestry:
1;Native Hawaiian/Other Pacific Islander;2004;api;victims;0;Race/Ethnicity/Ancestry:
1;Mental;2004;api;victims;46;Disability:
1;Arab;2004;api;victims;0;Race/Ethnicity/Ancestry:
1;Heterosexual;2004;api;victims;31;Sexual Orientation:
1;Transgender;2004;api;victims;0;Gender Identity:
1;Asian;2004;api;victims;258;Race/Ethnicity/Ancestry:
1;Multiple Religions, Group;2004;api;victims;37;Religion:
1;American Indian/Alaska Native;2004;api;victims;100;Race/Ethnicity/Ancestry:
1;Other Race/Ethnicity/Ancestry;2004;api;victims;588;Race/Ethnicity/Ancestry:
1;Lesbian, Gay, Bisexual,/Transgender (Mixed Group);2004;api;victims;294;Sexual Orientation:
1;Jehovah's Witness;2004;api;victims;0;Religion:
1;Protestant;2004;api;victims;42;Religion:
1;White;2004;api;victims;994;Race/Ethnicity/Ancestry:
1;Lesbian;2004;api;victims;201;Sexual Orientation:
1;Physical;2004;api;victims;23;Disability:
1;Islamic (Muslim);2004;api;victims;195;Religion:
1;Hindu;2004;api;victims;0;Religion:
1;Other Religion;2004;api;victims;133;Religion:
1;Gay (Male);2004;api;victims;855;Sexual Orientation:
1;Eastern Orthodox (Russian, Greek, Other);2004;api;victims;0;Religion:
1;Jewish;2004;api;victims;1013;Religion:
1;Gender Non-Conforming;2004;api;victims;0;Gender Identity:
1;Female;2004;api;victims;0;Gender:
1;Catholic;2004;api;victims;55;Religion:
1;Atheism/Agnosticism/etc.;2004;api;victims;7;Religion:
1;Bisexual;2004;api;victims;16;Sexual Orientation:
1;African American;2004;api;victims;3307;Race/Ethnicity/Ancestry:
1;Male;2005;api;victims;0;Gender:
1;Buddhist;2005;api;victims;0;Religion:
1;Hispanic/Latino;2005;api;victims;673;Race/Ethnicity/Ancestry:
1;Mormon;2005;api;victims;0;Religion:
1;Other Christian;2005;api;victims;0;Religion:
1;Sikh;2005;api;victims;0;Religion:
1;Multiple Races, Group;2005;api;victims;239;Race/Ethnicity/Ancestry:
1;Native Hawaiian/Other Pacific Islander;2005;api;victims;0;Race/Ethnicity/Ancestry:
1;Mental;2005;api;victims;34;Disability:
1;Arab;2005;api;victims;0;Race/Ethnicity/Ancestry:
1;Heterosexual;2005;api;victims;23;Sexual Orientation:
1;Transgender;2005;api;victims;0;Gender Identity:
1;Asian;2005;api;victims;243;Race/Ethnicity/Ancestry:
1;Multiple Religions, Group;2005;api;victims;43;Religion:
1;American Indian/Alaska Native;2005;api;victims;95;Race/Ethnicity/Ancestry:
1;Other Race/Ethnicity/Ancestry;2005;api;victims;493;Race/Ethnicity/Ancestry:
1;Lesbian, Gay, Bisexual,/Transgender (Mixed Group);2005;api;victims;233;Sexual Orientation:
1;Jehovah's Witness;2005;api;victims;0;Religion:
1;Protestant;2005;api;victims;56;Religion:
1;White;2005;api;victims;924;Race/Ethnicity/Ancestry:
1;Lesbian;2005;api;victims;186;Sexual Orientation:
1;Physical;2005;api;victims;20;Disability:
1;Islamic (Muslim);2005;api;victims;159;Religion:
1;Hindu;2005;api;victims;0;Religion:
1;Other Religion;2005;api;victims;108;Religion:
1;Gay (Male);2005;api;victims;754;Sexual Orientation:
1;Eastern Orthodox (Russian, Greek, Other);2005;api;victims;0;Religion:
1;Jewish;2005;api;victims;984;Religion:
1;Gender Non-Conforming;2005;api;victims;0;Gender Identity:
1;Female;2005;api;victims;0;Gender:
1;Catholic;2005;api;victims;69;Religion:
1;Atheism/Agnosticism/etc.;2005;api;victims;5;Religion:
1;Bisexual;2005;api;victims;27;Sexual Orientation:
1;African American;2005;api;victims;3239;Race/Ethnicity/Ancestry:
1;Male;2006;api;victims;0;Gender:
1;Buddhist;2006;api;victims;0;Religion:
1;Hispanic/Latino;2006;api;victims;782;Race/Ethnicity/Ancestry:
1;Mormon;2006;api;victims;0;Religion:
1;Other Christian;2006;api;victims;0;Religion:
1;Sikh;2006;api;victims;0;Religion:
1;Multiple Races, Group;2006;api;victims;298;Race/Ethnicity/Ancestry:
1;Native Hawaiian/Other Pacific Islander;2006;api;victims;0;Race/Ethnicity/Ancestry:
1;Mental;2006;api;victims;77;Disability:
1;Arab;2006;api;victims;0;Race/Ethnicity/Ancestry:
1;Heterosexual;2006;api;victims;33;Sexual Orientation:
1;Transgender;2006;api;victims;0;Gender Identity:
1;Asian;2006;api;victims;232;Race/Ethnicity/Ancestry:
1;Multiple Religions, Group;2006;api;victims;88;Religion:
1;American Indian/Alaska Native;2006;api;victims;72;Race/Ethnicity/Ancestry:
1;Other Race/Ethnicity/Ancestry;2006;api;victims;470;Race/Ethnicity/Ancestry:
1;Lesbian, Gay, Bisexual,/Transgender (Mixed Group);2006;api;victims;297;Sexual Orientation:
1;Jehovah's Witness;2006;api;victims;0;Religion:
1;Protestant;2006;api;victims;63;Religion:
1;White;2006;api;victims;973;Race/Ethnicity/Ancestry:
1;Lesbian;2006;api;victims;188;Sexual Orientation:
1;Physical;2006;api;victims;21;Disability:
1;Islamic (Muslim);2006;api;victims;191;Religion:
1;Hindu;2006;api;victims;0;Religion:
1;Other Religion;2006;api;victims;140;Religion:
1;Gay (Male);2006;api;victims;872;Sexual Orientation:
1;Eastern Orthodox (Russian, Greek, Other);2006;api;victims;0;Religion:
1;Jewish;2006;api;victims;1012;Religion:
1;Gender Non-Conforming;2006;api;victims;0;Gender Identity:
1;Female;2006;api;victims;0;Gender:
1;Catholic;2006;api;victims;77;Religion:
1;Atheism/Agnosticism/etc.;2006;api;victims;8;Religion:
1;Bisexual;2006;api;victims;20;Sexual Orientation:
1;African American;2006;api;victims;3129;Race/Ethnicity/Ancestry:
1;Male;2007;api;victims;0;Gender:
1;Buddhist;2007;api;victims;0;Religion:
1;Hispanic/Latino;2007;api;victims;776;Race/Ethnicity/Ancestry:
1;Mormon;2007;api;victims;0;Religion:
1;Other Christian;2007;api;victims;0;Religion:
1;Sikh;2007;api;victims;0;Religion:
1;Multiple Races, Group;2007;api;victims;284;Race/Ethnicity/Ancestry:
1;Native Hawaiian/Other Pacific Islander;2007;api;victims;0;Race/Ethnicity/Ancestry:
1;Mental;2007;api;victims;41;Disability:
1;Arab;2007;api;victims;0;Race/Ethnicity/Ancestry:
1;Heterosexual;2007;api;victims;27;Sexual Orientation:
1;Transgender;2007;api;victims;0;Gender Identity:
1;Asian;2007;api;victims;221;Race/Ethnicity/Ancestry:
1;Multiple Religions, Group;2007;api;victims;56;Religion:
1;American Indian/Alaska Native;2007;api;victims;75;Race/Ethnicity/Ancestry:
1;Other Race/Ethnicity/Ancestry;2007;api;victims;480;Race/Ethnicity/Ancestry:
1;Lesbian, Gay, Bisexual,/Transgender (Mixed Group);2007;api;victims;366;Sexual Orientation:
1;Jehovah's Witness;2007;api;victims;0;Religion:
1;Protestant;2007;api;victims;58;Religion:
1;White;2007;api;victims;864;Race/Ethnicity/Ancestry:
1;Lesbian;2007;api;victims;182;Sexual Orientation:
1;Physical;2007;api;victims;20;Disability:
1;Islamic (Muslim);2007;api;victims;132;Religion:
1;Hindu;2007;api;victims;0;Religion:
1;Other Religion;2007;api;victims;140;Religion:
1;Gay (Male);2007;api;victims;869;Sexual Orientation:
1;Eastern Orthodox (Russian, Greek, Other);2007;api;victims;0;Religion:
1;Jewish;2007;api;victims;1012;Religion:
1;Gender Non-Conforming;2007;api;victims;0;Gender Identity:
1;Female;2007;api;victims;0;Gender:
1;Catholic;2007;api;victims;65;Religion:
1;Atheism/Agnosticism/etc.;2007;api;victims;7;Religion:
1;Bisexual;2007;api;victims;24;Sexual Orientation:
1;African American;2007;api;victims;3290;Race/Ethnicity/Ancestry:
1;Male;2008;api;victims;0;Gender:
1;Buddhist;2008;api;victims;0;Religion:
1;Hispanic/Latino;2008;api;victims;749;Race/Ethnicity/Ancestry:
1;Mormon;2008;api;victims;0;Religion:
1;Other Christian;2008;api;victims;0;Religion:
1;Sikh;2008;api;victims;0;Religion:
1;Multiple Races, Group;2008;api;victims;271;Race/Ethnicity/Ancestry:
1;Native Hawaiian/Other Pacific Islander;2008;api;victims;0;Race/Ethnicity/Ancestry:
1;Mental;2008;api;victims;67;Disability:
1;Arab;2008;api;victims;0;Race/Ethnicity/Ancestry:
1;Heterosexual;2008;api;victims;33;Sexual Orientation:
1;Transgender;2008;api;victims;0;Gender Identity:
1;Asian;2008;api;victims;171;Race/Ethnicity/Ancestry:
1;Multiple Religions, Group;2008;api;victims;69;Religion:
1;American Indian/Alaska Native;2008;api;victims;61;Race/Ethnicity/Ancestry:
1;Other Race/Ethnicity/Ancestry;2008;api;victims;427;Race/Ethnicity/Ancestry:
1;Lesbian, Gay, Bisexual,/Transgender (Mixed Group);2008;api;victims;426;Sexual Orientation:
1;Jehovah's Witness;2008;api;victims;0;Religion:
1;Protestant;2008;api;victims;59;Religion:
1;White;2008;api;victims;859;Race/Ethnicity/Ancestry:
1;Lesbian;2008;api;victims;201;Sexual Orientation:
1;Physical;2008;api;victims;33;Disability:
1;Islamic (Muslim);2008;api;victims;123;Religion:
1;Hindu;2008;api;victims;0;Religion:
1;Other Religion;2008;api;victims;216;Religion:
1;Gay (Male);2008;api;victims;972;Sexual Orientation:
1;Eastern Orthodox (Russian, Greek, Other);2008;api;victims;0;Religion:
1;Jewish;2008;api;victims;1069;Religion:
1;Gender Non-Conforming;2008;api;victims;0;Gender Identity:
1;Female;2008;api;victims;0;Gender:
1;Catholic;2008;api;victims;75;Religion:
1;Atheism/Agnosticism/etc.;2008;api;victims;14;Religion:
1;Bisexual;2008;api;victims;28;Sexual Orientation:
1;African American;2008;api;victims;3501;Race/Ethnicity/Ancestry:
1;Male;2009;api;victims;0;Gender:
1;Buddhist;2009;api;victims;0;Religion:
1;Hispanic/Latino;2009;api;victims;655;Race/Ethnicity/Ancestry:
1;Mormon;2009;api;victims;0;Religion:
1;Other Christian;2009;api;victims;0;Religion:
1;Sikh;2009;api;victims;0;Religion:
1;Multiple Races, Group;2009;api;victims;210;Race/Ethnicity/Ancestry:
1;Native Hawaiian/Other Pacific Islander;2009;api;victims;0;Race/Ethnicity/Ancestry:
1;Mental;2009;api;victims;69;Disability:
1;Arab;2009;api;victims;0;Race/Ethnicity/Ancestry:
1;Heterosexual;2009;api;victims;21;Sexual Orientation:
1;Transgender;2009;api;victims;0;Gender Identity:
1;Asian;2009;api;victims;148;Race/Ethnicity/Ancestry:
1;Multiple Religions, Group;2009;api;victims;51;Religion:
1;American Indian/Alaska Native;2009;api;victims;87;Race/Ethnicity/Ancestry:
1;Other Race/Ethnicity/Ancestry;2009;api;victims;397;Race/Ethnicity/Ancestry:
1;Lesbian, Gay, Bisexual,/Transgender (Mixed Group);2009;api;victims;375;Sexual Orientation:
1;Jehovah's Witness;2009;api;victims;0;Religion:
1;Protestant;2009;api;victims;40;Religion:
1;White;2009;api;victims;645;Race/Ethnicity/Ancestry:
1;Lesbian;2009;api;victims;216;Sexual Orientation:
1;Physical;2009;api;victims;23;Disability:
1;Islamic (Muslim);2009;api;victims;127;Religion:
1;Hindu;2009;api;victims;0;Religion:
1;Other Religion;2009;api;victims;123;Religion:
1;Gay (Male);2009;api;victims;804;Sexual Orientation:
1;Eastern Orthodox (Russian, Greek, Other);2009;api;victims;0;Religion:
1;Jewish;2009;api;victims;962;Religion:
1;Gender Non-Conforming;2009;api;victims;0;Gender Identity:
1;Female;2009;api;victims;0;Gender:
1;Catholic;2009;api;victims;51;Religion:
1;Atheism/Agnosticism/etc.;2009;api;victims;10;Religion:
1;Bisexual;2009;api;victims;26;Sexual Orientation:
1;African American;2009;api;victims;2740;Race/Ethnicity/Ancestry:
1;Male;2010;api;victims;0;Gender:
1;Buddhist;2010;api;victims;0;Religion:
1;Hispanic/Latino;2010;api;victims;679;Race/Ethnicity/Ancestry:
1;Mormon;2010;api;victims;0;Religion:
1;Other Christian;2010;api;victims;0;Religion:
1;Sikh;2010;api;victims;0;Religion:
1;Multiple Races, Group;2010;api;victims;214;Race/Ethnicity/Ancestry:
1;Native Hawaiian/Other Pacific Islander;2010;api;victims;0;Race/Ethnicity/Ancestry:
1;Mental;2010;api;victims;24;Disability:
1;Arab;2010;api;victims;0;Race/Ethnicity/Ancestry:
1;Heterosexual;2010;api;victims;21;Sexual Orientation:
1;Transgender;2010;api;victims;0;Gender Identity:
1;Asian;2010;api;victims;192;Race/Ethnicity/Ancestry:
1;Multiple Religions, Group;2010;api;victims;53;Religion:
1;American Indian/Alaska Native;2010;api;victims;45;Race/Ethnicity/Ancestry:
1;Other Race/Ethnicity/Ancestry;2010;api;victims;357;Race/Ethnicity/Ancestry:
1;Lesbian, Gay, Bisexual,/Transgender (Mixed Group);2010;api;victims;402;Sexual Orientation:
1;Jehovah's Witness;2010;api;victims;0;Religion:
1;Protestant;2010;api;victims;45;Religion:
1;White;2010;api;victims;678;Race/Ethnicity/Ancestry:
1;Lesbian;2010;api;victims;168;Sexual Orientation:
1;Physical;2010;api;victims;20;Disability:
1;Islamic (Muslim);2010;api;victims;184;Religion:
1;Hindu;2010;api;victims;0;Religion:
1;Other Religion;2010;api;victims;133;Religion:
1;Gay (Male);2010;api;victims;849;Sexual Orientation:
1;Eastern Orthodox (Russian, Greek, Other);2010;api;victims;0;Religion:
1;Jewish;2010;api;victims;916;Religion:
1;Gender Non-Conforming;2010;api;victims;0;Gender Identity:
1;Female;2010;api;victims;0;Gender:
1;Catholic;2010;api;victims;58;Religion:
1;Atheism/Agnosticism/etc.;2010;api;victims;7;Religion:
1;Bisexual;2010;api;victims;28;Sexual Orientation:
1;African American;2010;api;victims;2598;Race/Ethnicity/Ancestry:
1;Male;2011;api;victims;0;Gender:
1;Buddhist;2011;api;victims;0;Religion:
1;Hispanic/Latino;2011;api;victims;503;Race/Ethnicity/Ancestry:
1;Mormon;2011;api;victims;0;Religion:
1;Other Christian;2011;api;victims;0;Religion:
1;Sikh;2011;api;victims;0;Religion:
1;Multiple Races, Group;2011;api;victims;160;Race/Ethnicity/Ancestry:
1;Native Hawaiian/Other Pacific Islander;2011;api;victims;0;Race/Ethnicity/Ancestry:
1;Mental;2011;api;victims;43;Disability:
1;Arab;2011;api;victims;0;Race/Ethnicity/Ancestry:
1;Heterosexual;2011;api;victims;18;Sexual Orientation:
1;Transgender;2011;api;victims;0;Gender Identity:
1;Asian;2011;api;victims;163;Race/Ethnicity/Ancestry:
1;Multiple Religions, Group;2011;api;victims;56;Religion:
1;American Indian/Alaska Native;2011;api;victims;71;Race/Ethnicity/Ancestry:
1;Other Race/Ethnicity/Ancestry;2011;api;victims;387;Race/Ethnicity/Ancestry:
1;Lesbian, Gay, Bisexual,/Transgender (Mixed Group);2011;api;victims;437;Sexual Orientation:
1;Jehovah's Witness;2011;api;victims;0;Religion:
1;Protestant;2011;api;victims;50;Religion:
1;White;2011;api;victims;594;Race/Ethnicity/Ancestry:
1;Lesbian;2011;api;victims;169;Sexual Orientation:
1;Physical;2011;api;victims;26;Disability:
1;Islamic (Muslim);2011;api;victims;185;Religion:
1;Hindu;2011;api;victims;0;Religion:
1;Other Religion;2011;api;victims;138;Religion:
1;Gay (Male);2011;api;victims;876;Sexual Orientation:
1;Eastern Orthodox (Russian, Greek, Other);2011;api;victims;0;Religion:
1;Jewish;2011;api;victims;812;Religion:
1;Gender Non-Conforming;2011;api;victims;0;Gender Identity:
1;Female;2011;api;victims;0;Gender:
1;Catholic;2011;api;victims;70;Religion:
1;Atheism/Agnosticism/etc.;2011;api;victims;4;Religion:
1;Bisexual;2011;api;victims;27;Sexual Orientation:
1;African American;2011;api;victims;2523;Race/Ethnicity/Ancestry:
1;Male;2012;api;victims;0;Gender:
1;Buddhist;2012;api;victims;0;Religion:
1;Hispanic/Latino;2012;api;victims;543;Race/Ethnicity/Ancestry:
1;Mormon;2012;api;victims;0;Religion:
1;Other Christian;2012;api;victims;0;Religion:
1;Sikh;2012;api;victims;0;Religion:
1;Multiple Races, Group;2012;api;victims;146;Race/Ethnicity/Ancestry:
1;Native Hawaiian/Other Pacific Islander;2012;api;victims;0;Race/Ethnicity/Ancestry:
1;Mental;2012;api;victims;98;Disability:
1;Arab;2012;api;victims;0;Race/Ethnicity/Ancestry:
1;Heterosexual;2012;api;victims;26;Sexual Orientation:
1;Transgender;2012;api;victims;0;Gender Identity:
1;Asian;2012;api;victims;155;Race/Ethnicity/Ancestry:
1;Multiple Religions, Group;2012;api;victims;76;Religion:
1;American Indian/Alaska Native;2012;api;victims;113;Race/Ethnicity/Ancestry:
1;Other Race/Ethnicity/Ancestry;2012;api;victims;365;Race/Ethnicity/Ancestry:
1;Lesbian, Gay, Bisexual,/Transgender (Mixed Group);2012;api;victims;387;Sexual Orientation:
1;Jehovah's Witness;2012;api;victims;0;Religion:
1;Protestant;2012;api;victims;39;Religion:
1;White;2012;api;victims;773;Race/Ethnicity/Ancestry:
1;Lesbian;2012;api;victims;189;Sexual Orientation:
1;Physical;2012;api;victims;23;Disability:
1;Islamic (Muslim);2012;api;victims;169;Religion:
1;Hindu;2012;api;victims;0;Religion:
1;Other Religion;2012;api;victims;117;Religion:
1;Gay (Male);2012;api;victims;852;Sexual Orientation:
1;Eastern Orthodox (Russian, Greek, Other);2012;api;victims;0;Religion:
1;Jewish;2012;api;victims;892;Religion:
1;Gender Non-Conforming;2012;api;victims;4;Gender Identity:
1;Female;2012;api;victims;2;Gender:
1;Catholic;2012;api;victims;80;Religion:
1;Atheism/Agnosticism/etc.;2012;api;victims;13;Religion:
1;Bisexual;2012;api;victims;40;Sexual Orientation:
1;African American;2012;api;victims;2456;Race/Ethnicity/Ancestry:
1;Male;2013;api;victims;7;Gender:
1;Buddhist;2013;api;victims;0;Religion:
1;Hispanic/Latino;2013;api;victims;427;Race/Ethnicity/Ancestry:
1;Mormon;2013;api;victims;0;Religion:
1;Other Christian;2013;api;victims;0;Religion:
1;Sikh;2013;api;victims;0;Religion:
1;Multiple Races, Group;2013;api;victims;109;Race/Ethnicity/Ancestry:
1;Native Hawaiian/Other Pacific Islander;2013;api;victims;3;Race/Ethnicity/Ancestry:
1;Mental;2013;api;victims;77;Disability:
1;Arab;2013;api;victims;0;Race/Ethnicity/Ancestry:
1;Heterosexual;2013;api;victims;24;Sexual Orientation:
1;Transgender;2013;api;victims;25;Gender Identity:
1;Asian;2013;api;victims;157;Race/Ethnicity/Ancestry:
1;Multiple Religions, Group;2013;api;victims;52;Religion:
1;American Indian/Alaska Native;2013;api;victims;109;Race/Ethnicity/Ancestry:
1;Other Race/Ethnicity/Ancestry;2013;api;victims;390;Race/Ethnicity/Ancestry:
1;Lesbian, Gay, Bisexual,/Transgender (Mixed Group);2013;api;victims;333;Sexual Orientation:
1;Jehovah's Witness;2013;api;victims;0;Religion:
1;Protestant;2013;api;victims;45;Religion:
1;White;2013;api;victims;743;Race/Ethnicity/Ancestry:
1;Lesbian;2013;api;victims;191;Sexual Orientation:
1;Physical;2013;api;victims;29;Disability:
1;Islamic (Muslim);2013;api;victims;171;Religion:
1;Hindu;2013;api;victims;0;Religion:
1;Other Religion;2013;api;victims;138;Religion:
1;Gay (Male);2013;api;victims;863;Sexual Orientation:
1;Eastern Orthodox (Russian, Greek, Other);2013;api;victims;0;Religion:
1;Jewish;2013;api;victims;688;Religion:
1;Gender Non-Conforming;2013;api;victims;8;Gender Identity:
1;Female;2013;api;victims;24;Gender:
1;Catholic;2013;api;victims;66;Religion:
1;Atheism/Agnosticism/etc.;2013;api;victims;7;Religion:
1;Bisexual;2013;api;victims;29;Sexual Orientation:
1;African American;2013;api;victims;2328;Race/Ethnicity/Ancestry:
1;Male;2014;api;victims;12;Gender:
1;Buddhist;2014;api;victims;0;Religion:
1;Hispanic/Latino;2014;api;victims;388;Race/Ethnicity/Ancestry:
1;Mormon;2014;api;victims;0;Religion:
1;Other Christian;2014;api;victims;0;Religion:
1;Sikh;2014;api;victims;0;Religion:
1;Multiple Races, Group;2014;api;victims;116;Race/Ethnicity/Ancestry:
1;Native Hawaiian/Other Pacific Islander;2014;api;victims;4;Race/Ethnicity/Ancestry:
1;Mental;2014;api;victims;78;Disability:
1;Arab;2014;api;victims;7;Race/Ethnicity/Ancestry:
1;Heterosexual;2014;api;victims;19;Sexual Orientation:
1;Transgender;2014;api;victims;71;Gender Identity:
1;Asian;2014;api;victims;166;Race/Ethnicity/Ancestry:
1;Multiple Religions, Group;2014;api;victims;54;Religion:
1;American Indian/Alaska Native;2014;api;victims;150;Race/Ethnicity/Ancestry:
1;Other Race/Ethnicity/Ancestry;2014;api;victims;403;Race/Ethnicity/Ancestry:
1;Lesbian, Gay, Bisexual,/Transgender (Mixed Group);2014;api;victims;286;Sexual Orientation:
1;Jehovah's Witness;2014;api;victims;0;Religion:
1;Protestant;2014;api;victims;31;Religion:
1;White;2014;api;victims;723;Race/Ethnicity/Ancestry:
1;Lesbian;2014;api;victims;168;Sexual Orientation:
1;Physical;2014;api;victims;32;Disability:
1;Islamic (Muslim);2014;api;victims;180;Religion:
1;Hindu;2014;api;victims;0;Religion:
1;Other Religion;2014;api;victims;124;Religion:
1;Gay (Male);2014;api;victims;698;Sexual Orientation:
1;Eastern Orthodox (Russian, Greek, Other);2014;api;victims;0;Religion:
1;Jewish;2014;api;victims;639;Religion:
1;Gender Non-Conforming;2014;api;victims;41;Gender Identity:
1;Female;2014;api;victims;31;Gender:
1;Catholic;2014;api;victims;69;Religion:
1;Atheism/Agnosticism/etc.;2014;api;victims;12;Religion:
1;Bisexual;2014;api;victims;35;Sexual Orientation:
1;African American;2014;api;victims;1995;Race/Ethnicity/Ancestry:
1;Male;2015;api;victims;8;Gender:
1;Buddhist;2015;api;victims;1;Religion:
1;Hispanic/Latino;2015;api;victims;381;Race/Ethnicity/Ancestry:
1;Mormon;2015;api;victims;8;Religion:
1;Other Christian;2015;api;victims;15;Religion:
1;Sikh;2015;api;victims;6;Religion:
1;Multiple Races, Group;2015;api;victims;137;Race/Ethnicity/Ancestry:
1;Native Hawaiian/Other Pacific Islander;2015;api;victims;6;Race/Ethnicity/Ancestry:
1;Mental;2015;api;victims;36;Disability:
1;Arab;2015;api;victims;52;Race/Ethnicity/Ancestry:
1;Heterosexual;2015;api;victims;23;Sexual Orientation:
1;Transgender;2015;api;victims;74;Gender Identity:
1;Asian;2015;api;victims;134;Race/Ethnicity/Ancestry:
1;Multiple Religions, Group;2015;api;victims;57;Religion:
1;American Indian/Alaska Native;2015;api;victims;137;Race/Ethnicity/Ancestry:
1;Other Race/Ethnicity/Ancestry;2015;api;victims;332;Race/Ethnicity/Ancestry:
1;Lesbian, Gay, Bisexual,/Transgender (Mixed Group);2015;api;victims;236;Sexual Orientation:
1;Jehovah's Witness;2015;api;victims;0;Religion:
1;Protestant;2015;api;victims;46;Religion:
1;White;2015;api;victims;736;Race/Ethnicity/Ancestry:
1;Lesbian;2015;api;victims;169;Sexual Orientation:
1;Physical;2015;api;victims;55;Disability:
1;Islamic (Muslim);2015;api;victims;302;Religion:
1;Hindu;2015;api;victims;5;Religion:
1;Other Religion;2015;api;victims;104;Religion:
1;Gay (Male);2015;api;victims;771;Sexual Orientation:
1;Eastern Orthodox (Russian, Greek, Other);2015;api;victims;51;Religion:
1;Jewish;2015;api;victims;691;Religion:
1;Gender Non-Conforming;2015;api;victims;43;Gender Identity:
1;Female;2015;api;victims;23;Gender:
1;Catholic;2015;api;victims;59;Religion:
1;Atheism/Agnosticism/etc.;2015;api;victims;3;Religion:
1;Bisexual;2015;api;victims;35;Sexual Orientation:
1;African American;2015;api;victims;2146;Race/Ethnicity/Ancestry:
1;Male;2016;api;victims;10;Gender:
1;Buddhist;2016;api;victims;2;Religion:
1;Hispanic/Latino;2016;api;victims;468;Race/Ethnicity/Ancestry:
1;Mormon;2016;api;victims;8;Religion:
1;Other Christian;2016;api;victims;37;Religion:
1;Sikh;2016;api;victims;10;Religion:
1;Multiple Races, Group;2016;api;victims;191;Race/Ethnicity/Ancestry:
1;Native Hawaiian/Other Pacific Islander;2016;api;victims;9;Race/Ethnicity/Ancestry:
1;Mental;2016;api;victims;62;Disability:
1;Arab;2016;api;victims;68;Race/Ethnicity/Ancestry:
1;Heterosexual;2016;api;victims;23;Sexual Orientation:
1;Transgender;2016;api;victims;112;Gender Identity:
1;Asian;2016;api;victims;134;Race/Ethnicity/Ancestry:
1;Multiple Religions, Group;2016;api;victims;47;Religion:
1;American Indian/Alaska Native;2016;api;victims;165;Race/Ethnicity/Ancestry:
1;Other Race/Ethnicity/Ancestry;2016;api;victims;255;Race/Ethnicity/Ancestry:
1;Lesbian, Gay, Bisexual,/Transgender (Mixed Group);2016;api;victims;283;Sexual Orientation:
1;Jehovah's Witness;2016;api;victims;0;Religion:
1;Protestant;2016;api;victims;20;Religion:
1;White;2016;api;victims;917;Race/Ethnicity/Ancestry:
1;Lesbian;2016;api;victims;156;Sexual Orientation:
1;Physical;2016;api;victims;48;Disability:
1;Islamic (Muslim);2016;api;victims;389;Religion:
1;Hindu;2016;api;victims;13;Religion:
1;Other Religion;2016;api;victims;102;Religion:
1;Gay (Male);2016;api;victims;798;Sexual Orientation:
1;Eastern Orthodox (Russian, Greek, Other);2016;api;victims;32;Religion:
1;Jewish;2016;api;victims;850;Religion:
1;Gender Non-Conforming;2016;api;victims;20;Gender Identity:
1;Female;2016;api;victims;26;Gender:
1;Catholic;2016;api;victims;57;Religion:
1;Atheism/Agnosticism/etc.;2016;api;victims;5;Religion:
1;Bisexual;2016;api;victims;27;Sexual Orientation:
1;African American;2016;api;victims;2182;Race/Ethnicity/Ancestry:
1;Male;2017;api;victims;31;Gender:
1;Buddhist;2017;api;victims;15;Religion:
1;Hispanic/Latino;2017;api;victims;543;Race/Ethnicity/Ancestry:
1;Mormon;2017;api;victims;11;Religion:
1;Other Christian;2017;api;victims;29;Religion:
1;Sikh;2017;api;victims;22;Religion:
1;Multiple Races, Group;2017;api;victims;344;Race/Ethnicity/Ancestry:
1;Native Hawaiian/Other Pacific Islander;2017;api;victims;15;Race/Ethnicity/Ancestry:
1;Mental;2017;api;victims;98;Disability:
1;Arab;2017;api;victims;135;Race/Ethnicity/Ancestry:
1;Heterosexual;2017;api;victims;36;Sexual Orientation:
1;Transgender;2017;api;victims;130;Gender Identity:
1;Asian;2017;api;victims;154;Race/Ethnicity/Ancestry:
1;Multiple Religions, Group;2017;api;victims;61;Religion:
1;American Indian/Alaska Native;2017;api;victims;272;Race/Ethnicity/Ancestry:
1;Other Race/Ethnicity/Ancestry;2017;api;victims;326;Race/Ethnicity/Ancestry:
1;Lesbian, Gay, Bisexual,/Transgender (Mixed Group);2017;api;victims;336;Sexual Orientation:
1;Jehovah's Witness;2017;api;victims;0;Religion:
1;Protestant;2017;api;victims;42;Religion:
1;White;2017;api;victims;829;Race/Ethnicity/Ancestry:
1;Lesbian;2017;api;victims;168;Sexual Orientation:
1;Physical;2017;api;victims;73;Disability:
1;Islamic (Muslim);2017;api;victims;426;Religion:
1;Hindu;2017;api;victims;14;Religion:
1;Other Religion;2017;api;victims;90;Religion:
1;Gay (Male);2017;api;victims;766;Sexual Orientation:
1;Eastern Orthodox (Russian, Greek, Other);2017;api;victims;19;Religion:
1;Jewish;2017;api;victims;1016;Religion:
1;Gender Non-Conforming;2017;api;victims;15;Gender Identity:
1;Female;2017;api;victims;61;Gender:
1;Catholic;2017;api;victims;77;Religion:
1;Atheism/Agnosticism/etc.;2017;api;victims;7;Religion:
1;Bisexual;2017;api;victims;27;Sexual Orientation:
1;African American;2017;api;victims;2455;Race/Ethnicity/Ancestry:
1;Male;2018;api;victims;27;Gender:
1;Buddhist;2018;api;victims;8;Religion:
1;Hispanic/Latino;2018;api;victims;657;Race/Ethnicity/Ancestry:
1;Mormon;2018;api;victims;8;Religion:
1;Other Christian;2018;api;victims;43;Religion:
1;Sikh;2018;api;victims;44;Religion:
1;Multiple Races, Group;2018;api;victims;171;Race/Ethnicity/Ancestry:
1;Native Hawaiian/Other Pacific Islander;2018;api;victims;17;Race/Ethnicity/Ancestry:
1;Mental;2018;api;victims;112;Disability:
1;Arab;2018;api;victims;97;Race/Ethnicity/Ancestry:
1;Heterosexual;2018;api;victims;23;Sexual Orientation:
1;Transgender;2018;api;victims;158;Gender Identity:
1;Asian;2018;api;victims;173;Race/Ethnicity/Ancestry:
1;Multiple Religions, Group;2018;api;victims;54;Religion:
1;American Indian/Alaska Native;2018;api;victims;194;Race/Ethnicity/Ancestry:
1;Other Race/Ethnicity/Ancestry;2018;api;victims;297;Race/Ethnicity/Ancestry:
1;Lesbian, Gay, Bisexual,/Transgender (Mixed Group);2018;api;victims;353;Sexual Orientation:
1;Jehovah's Witness;2018;api;victims;0;Religion:
1;Protestant;2018;api;victims;39;Religion:
1;White;2018;api;victims;1037;Race/Ethnicity/Ancestry:
1;Lesbian;2018;api;victims;174;Sexual Orientation:
1;Physical;2018;api;victims;67;Disability:
1;Islamic (Muslim);2018;api;victims;237;Religion:
1;Hindu;2018;api;victims;14;Religion:
1;Other Religion;2018;api;victims;98;Religion:
1;Gay (Male);2018;api;victims;903;Sexual Orientation:
1;Eastern Orthodox (Russian, Greek, Other);2018;api;victims;34;Religion:
1;Jewish;2018;api;victims;938;Religion:
1;Gender Non-Conforming;2018;api;victims;25;Gender Identity:
1;Female;2018;api;victims;50;Gender:
1;Catholic;2018;api;victims;55;Religion:
1;Atheism/Agnosticism/etc.;2018;api;victims;4;Religion:
1;Bisexual;2018;api;victims;20;Sexual Orientation:
1;African American;2018;api;victims;2367;Race/Ethnicity/Ancestry:
1;Male;2019;api;victims;18;Gender:
1;Buddhist;2019;api;victims;4;Religion:
1;Hispanic/Latino;2019;api;victims;759;Race/Ethnicity/Ancestry:
1;Mormon;2019;api;victims;16;Religion:
1;Other Christian;2019;api;victims;71;Religion:
1;Sikh;2019;api;victims;56;Religion:
1;Multiple Races, Group;2019;api;victims;190;Race/Ethnicity/Ancestry:
1;Native Hawaiian/Other Pacific Islander;2019;api;victims;31;Race/Ethnicity/Ancestry:
1;Mental;2019;api;victims;106;Disability:
1;Arab;2019;api;victims;133;Race/Ethnicity/Ancestry:
1;Heterosexual;2019;api;victims;18;Sexual Orientation:
1;Transgender;2019;api;victims;186;Gender Identity:
1;Asian;2019;api;victims;215;Race/Ethnicity/Ancestry:
1;Multiple Religions, Group;2019;api;victims;47;Religion:
1;American Indian/Alaska Native;2019;api;victims;102;Race/Ethnicity/Ancestry:
1;Other Race/Ethnicity/Ancestry;2019;api;victims;368;Race/Ethnicity/Ancestry:
1;Lesbian, Gay, Bisexual,/Transgender (Mixed Group);2019;api;victims;374;Sexual Orientation:
1;Jehovah's Witness;2019;api;victims;0;Religion:
1;Protestant;2019;api;victims;23;Religion:
1;White;2019;api;victims;758;Race/Ethnicity/Ancestry:
1;Lesbian;2019;api;victims;148;Sexual Orientation:
1;Physical;2019;api;victims;51;Disability:
1;Islamic (Muslim);2019;api;victims;239;Religion:
1;Hindu;2019;api;victims;6;Religion:
1;Other Religion;2019;api;victims;111;Religion:
1;Gay (Male);2019;api;victims;911;Sexual Orientation:
1;Eastern Orthodox (Russian, Greek, Other);2019;api;victims;53;Religion:
1;Jewish;2019;api;victims;1087;Religion:
1;Gender Non-Conforming;2019;api;victims;44;Gender Identity:
1;Female;2019;api;victims;73;Gender:
1;Catholic;2019;api;victims;70;Religion:
1;Atheism/Agnosticism/etc.;2019;api;victims;7;Religion:
1;Bisexual;2019;api;victims;29;Sexual Orientation:
1;African American;2019;api;victims;2467;Race/Ethnicity/Ancestry:
1;Male;2020;api;victims;28;Gender:
1;Buddhist;2020;api;victims;16;Religion:
1;Hispanic/Latino;2020;api;victims;698;Race/Ethnicity/Ancestry:
1;Mormon;2020;api;victims;8;Religion:
1;Other Christian;2020;api;victims;58;Religion:
1;Sikh;2020;api;victims;94;Religion:
1;Multiple Races, Group;2020;api;victims;292;Race/Ethnicity/Ancestry:
1;Native Hawaiian/Other Pacific Islander;2020;api;victims;18;Race/Ethnicity/Ancestry:
1;Mental;2020;api;victims;97;Disability:
1;Arab;2020;api;victims;96;Race/Ethnicity/Ancestry:
1;Heterosexual;2020;api;victims;13;Sexual Orientation:
1;Transgender;2020;api;victims;251;Gender Identity:
1;Asian;2020;api;victims;340;Race/Ethnicity/Ancestry:
1;Multiple Religions, Group;2020;api;victims;50;Religion:
1;American Indian/Alaska Native;2020;api;victims;103;Race/Ethnicity/Ancestry:
1;Other Race/Ethnicity/Ancestry;2020;api;victims;361;Race/Ethnicity/Ancestry:
1;Lesbian, Gay, Bisexual,/Transgender (Mixed Group);2020;api;victims;472;Sexual Orientation:
1;Jehovah's Witness;2020;api;victims;0;Religion:
1;Protestant;2020;api;victims;33;Religion:
1;White;2020;api;victims;1072;Race/Ethnicity/Ancestry:
1;Lesbian;2020;api;victims;1033;Sexual Orientation:
1;Physical;2020;api;victims;63;Disability:
1;Islamic (Muslim);2020;api;victims;141;Religion:
1;Hindu;2020;api;victims;12;Religion:
1;Other Religion;2020;api;victims;88;Religion:
1;Gay (Male);2020;api;victims;818;Sexual Orientation:
1;Eastern Orthodox (Russian, Greek, Other);2020;api;victims;43;Religion:
1;Jewish;2020;api;victims;952;Religion:
1;Gender Non-Conforming;2020;api;victims;61;Gender Identity:
1;Female;2020;api;victims;66;Gender:
1;Catholic;2020;api;victims;79;Religion:
1;Atheism/Agnosticism/etc.;2020;api;victims;8;Religion:
1;Bisexual;2020;api;victims;21;Sexual Orientation:
1;African American;2020;api;victims;4026;Race/Ethnicity/Ancestry:
1;Disability:;1991;api;victims;0;Disability:
1;Disability:;1992;api;victims;0;Disability:
1;Disability:;1993;api;victims;0;Disability:
1;Disability:;1994;api;victims;0;Disability:
1;Disability:;1995;api;victims;0;Disability:
1;Disability:;1996;api;victims;0;Disability:
1;Disability:;1997;api;victims;13;Disability:
1;Disability:;1998;api;victims;27;Disability:
1;Disability:;1999;api;victims;19;Disability:
1;Disability:;2000;api;victims;37;Disability:
1;Disability:;2001;api;victims;39;Disability:
1;Disability:;2002;api;victims;48;Disability:
1;Disability:;2003;api;victims;53;Disability:
1;Disability:;2004;api;victims;69;Disability:
1;Disability:;2005;api;victims;54;Disability:
1;Disability:;2006;api;victims;98;Disability:
1;Disability:;2007;api;victims;61;Disability:
1;Disability:;2008;api;victims;100;Disability:
1;Disability:;2009;api;victims;92;Disability:
1;Disability:;2010;api;victims;44;Disability:
1;Disability:;2011;api;victims;69;Disability:
1;Disability:;2012;api;victims;121;Disability:
1;Disability:;2013;api;victims;106;Disability:
1;Disability:;2014;api;victims;110;Disability:
1;Disability:;2015;api;victims;91;Disability:
1;Disability:;2016;api;victims;110;Disability:
1;Disability:;2017;api;victims;171;Disability:
1;Disability:;2018;api;victims;179;Disability:
1;Disability:;2019;api;victims;157;Disability:
1;Disability:;2020;api;victims;160;Disability:
1;Gender Identity:;1991;api;victims;0;Gender Identity:
1;Gender Identity:;1992;api;victims;0;Gender Identity:
1;Gender Identity:;1993;api;victims;0;Gender Identity:
1;Gender Identity:;1994;api;victims;0;Gender Identity:
1;Gender Identity:;1995;api;victims;0;Gender Identity:
1;Gender Identity:;1996;api;victims;0;Gender Identity:
1;Gender Identity:;1997;api;victims;0;Gender Identity:
1;Gender Identity:;1998;api;victims;0;Gender Identity:
1;Gender Identity:;1999;api;victims;0;Gender Identity:
1;Gender Identity:;2000;api;victims;0;Gender Identity:
1;Gender Identity:;2001;api;victims;0;Gender Identity:
1;Gender Identity:;2002;api;victims;0;Gender Identity:
1;Gender Identity:;2003;api;victims;0;Gender Identity:
1;Gender Identity:;2004;api;victims;0;Gender Identity:
1;Gender Identity:;2005;api;victims;0;Gender Identity:
1;Gender Identity:;2006;api;victims;0;Gender Identity:
1;Gender Identity:;2007;api;victims;0;Gender Identity:
1;Gender Identity:;2008;api;victims;0;Gender Identity:
1;Gender Identity:;2009;api;victims;0;Gender Identity:
1;Gender Identity:;2010;api;victims;0;Gender Identity:
1;Gender Identity:;2011;api;victims;0;Gender Identity:
1;Gender Identity:;2012;api;victims;4;Gender Identity:
1;Gender Identity:;2013;api;victims;33;Gender Identity:
1;Gender Identity:;2014;api;victims;112;Gender Identity:
1;Gender Identity:;2015;api;victims;117;Gender Identity:
1;Gender Identity:;2016;api;victims;132;Gender Identity:
1;Gender Identity:;2017;api;victims;145;Gender Identity:
1;Gender Identity:;2018;api;victims;183;Gender Identity:
1;Gender Identity:;2019;api;victims;230;Gender Identity:
1;Gender Identity:;2020;api;victims;312;Gender Identity:
1;Gender:;1991;api;victims;0;Gender:
1;Gender:;1992;api;victims;0;Gender:
1;Gender:;1993;api;victims;0;Gender:
1;Gender:;1994;api;victims;0;Gender:
1;Gender:;1995;api;victims;0;Gender:
1;Gender:;1996;api;victims;0;Gender:
1;Gender:;1997;api;victims;0;Gender:
1;Gender:;1998;api;victims;0;Gender:
1;Gender:;1999;api;victims;0;Gender:
1;Gender:;2000;api;victims;0;Gender:
1;Gender:;2001;api;victims;0;Gender:
1;Gender:;2002;api;victims;0;Gender:
1;Gender:;2003;api;victims;0;Gender:
1;Gender:;2004;api;victims;0;Gender:
1;Gender:;2005;api;victims;0;Gender:
1;Gender:;2006;api;victims;0;Gender:
1;Gender:;2007;api;victims;0;Gender:
1;Gender:;2008;api;victims;0;Gender:
1;Gender:;2009;api;victims;0;Gender:
1;Gender:;2010;api;victims;0;Gender:
1;Gender:;2011;api;victims;0;Gender:
1;Gender:;2012;api;victims;2;Gender:
1;Gender:;2013;api;victims;31;Gender:
1;Gender:;2014;api;victims;43;Gender:
1;Gender:;2015;api;victims;31;Gender:
1;Gender:;2016;api;victims;36;Gender:
1;Gender:;2017;api;victims;92;Gender:
1;Gender:;2018;api;victims;77;Gender:
1;Gender:;2019;api;victims;91;Gender:
1;Gender:;2020;api;victims;94;Gender:
1;Race/Ethnicity/Ancestry:;1991;api;victims;4170;Race/Ethnicity/Ancestry:
1;Race/Ethnicity/Ancestry:;1992;api;victims;5933;Race/Ethnicity/Ancestry:
1;Race/Ethnicity/Ancestry:;1993;api;victims;6643;Race/Ethnicity/Ancestry:
1;Race/Ethnicity/Ancestry:;1994;api;victims;5225;Race/Ethnicity/Ancestry:
1;Race/Ethnicity/Ancestry:;1995;api;victims;7199;Race/Ethnicity/Ancestry:
1;Race/Ethnicity/Ancestry:;1996;api;victims;7918;Race/Ethnicity/Ancestry:
1;Race/Ethnicity/Ancestry:;1997;api;victims;7005;Race/Ethnicity/Ancestry:
1;Race/Ethnicity/Ancestry:;1998;api;victims;6383;Race/Ethnicity/Ancestry:
1;Race/Ethnicity/Ancestry:;1999;api;victims;6308;Race/Ethnicity/Ancestry:
1;Race/Ethnicity/Ancestry:;2000;api;victims;6469;Race/Ethnicity/Ancestry:
1;Race/Ethnicity/Ancestry:;2001;api;victims;7775;Race/Ethnicity/Ancestry:
1;Race/Ethnicity/Ancestry:;2002;api;victims;5752;Race/Ethnicity/Ancestry:
1;Race/Ethnicity/Ancestry:;2003;api;victims;5835;Race/Ethnicity/Ancestry:
1;Race/Ethnicity/Ancestry:;2004;api;victims;6101;Race/Ethnicity/Ancestry:
1;Race/Ethnicity/Ancestry:;2005;api;victims;5906;Race/Ethnicity/Ancestry:
1;Race/Ethnicity/Ancestry:;2006;api;victims;5956;Race/Ethnicity/Ancestry:
1;Race/Ethnicity/Ancestry:;2007;api;victims;5990;Race/Ethnicity/Ancestry:
1;Race/Ethnicity/Ancestry:;2008;api;victims;6039;Race/Ethnicity/Ancestry:
1;Race/Ethnicity/Ancestry:;2009;api;victims;4882;Race/Ethnicity/Ancestry:
1;Race/Ethnicity/Ancestry:;2010;api;victims;4763;Race/Ethnicity/Ancestry:
1;Race/Ethnicity/Ancestry:;2011;api;victims;4401;Race/Ethnicity/Ancestry:
1;Race/Ethnicity/Ancestry:;2012;api;victims;4551;Race/Ethnicity/Ancestry:
1;Race/Ethnicity/Ancestry:;2013;api;victims;4266;Race/Ethnicity/Ancestry:
1;Race/Ethnicity/Ancestry:;2014;api;victims;3952;Race/Ethnicity/Ancestry:
1;Race/Ethnicity/Ancestry:;2015;api;victims;4061;Race/Ethnicity/Ancestry:
1;Race/Ethnicity/Ancestry:;2016;api;victims;4389;Race/Ethnicity/Ancestry:
1;Race/Ethnicity/Ancestry:;2017;api;victims;5073;Race/Ethnicity/Ancestry:
1;Race/Ethnicity/Ancestry:;2018;api;victims;5010;Race/Ethnicity/Ancestry:
1;Race/Ethnicity/Ancestry:;2019;api;victims;5023;Race/Ethnicity/Ancestry:
1;Race/Ethnicity/Ancestry:;2020;api;victims;7006;Race/Ethnicity/Ancestry:
1;Religion:;1991;api;victims;971;Religion:
1;Religion:;1992;api;victims;1236;Religion:
1;Religion:;1993;api;victims;1350;Religion:
1;Religion:;1994;api;victims;1247;Religion:
1;Religion:;1995;api;victims;1405;Religion:
1;Religion:;1996;api;victims;1518;Religion:
1;Religion:;1997;api;victims;1474;Religion:
1;Religion:;1998;api;victims;1477;Religion:
1;Religion:;1999;api;victims;1535;Religion:
1;Religion:;2000;api;victims;1570;Religion:
1;Religion:;2001;api;victims;2030;Religion:
1;Religion:;2002;api;victims;1564;Religion:
1;Religion:;2003;api;victims;1421;Religion:
1;Religion:;2004;api;victims;1482;Religion:
1;Religion:;2005;api;victims;1424;Religion:
1;Religion:;2006;api;victims;1579;Religion:
1;Religion:;2007;api;victims;1470;Religion:
1;Religion:;2008;api;victims;1625;Religion:
1;Religion:;2009;api;victims;1364;Religion:
1;Religion:;2010;api;victims;1396;Religion:
1;Religion:;2011;api;victims;1315;Religion:
1;Religion:;2012;api;victims;1386;Religion:
1;Religion:;2013;api;victims;1167;Religion:
1;Religion:;2014;api;victims;1109;Religion:
1;Religion:;2015;api;victims;1348;Religion:
1;Religion:;2016;api;victims;1572;Religion:
1;Religion:;2017;api;victims;1829;Religion:
1;Religion:;2018;api;victims;1576;Religion:
1;Religion:;2019;api;victims;1790;Religion:
1;Religion:;2020;api;victims;1582;Religion:
1;Sexual Orientation:;1991;api;victims;490;Sexual Orientation:
1;Sexual Orientation:;1992;api;victims;949;Sexual Orientation:
1;Sexual Orientation:;1993;api;victims;996;Sexual Orientation:
1;Sexual Orientation:;1994;api;victims;791;Sexual Orientation:
1;Sexual Orientation:;1995;api;victims;1261;Sexual Orientation:
1;Sexual Orientation:;1996;api;victims;1248;Sexual Orientation:
1;Sexual Orientation:;1997;api;victims;1376;Sexual Orientation:
1;Sexual Orientation:;1998;api;victims;1470;Sexual Orientation:
1;Sexual Orientation:;1999;api;victims;1488;Sexual Orientation:
1;Sexual Orientation:;2000;api;victims;1519;Sexual Orientation:
1;Sexual Orientation:;2001;api;victims;1601;Sexual Orientation:
1;Sexual Orientation:;2002;api;victims;1457;Sexual Orientation:
1;Sexual Orientation:;2003;api;victims;1439;Sexual Orientation:
1;Sexual Orientation:;2004;api;victims;1397;Sexual Orientation:
1;Sexual Orientation:;2005;api;victims;1223;Sexual Orientation:
1;Sexual Orientation:;2006;api;victims;1410;Sexual Orientation:
1;Sexual Orientation:;2007;api;victims;1468;Sexual Orientation:
1;Sexual Orientation:;2008;api;victims;1660;Sexual Orientation:
1;Sexual Orientation:;2009;api;victims;1442;Sexual Orientation:
1;Sexual Orientation:;2010;api;victims;1468;Sexual Orientation:
1;Sexual Orientation:;2011;api;victims;1527;Sexual Orientation:
1;Sexual Orientation:;2012;api;victims;1494;Sexual Orientation:
1;Sexual Orientation:;2013;api;victims;1440;Sexual Orientation:
1;Sexual Orientation:;2014;api;victims;1206;Sexual Orientation:
1;Sexual Orientation:;2015;api;victims;1234;Sexual Orientation:
1;Sexual Orientation:;2016;api;victims;1287;Sexual Orientation:
1;Sexual Orientation:;2017;api;victims;1333;Sexual Orientation:
1;Sexual Orientation:;2018;api;victims;1473;Sexual Orientation:
1;Sexual Orientation:;2019;api;victims;1480;Sexual Orientation:
1;Sexual Orientation:;2020;api;victims;2357;Sexual Orientation:
